"hw_id","type","timing","value"
D0_0_0,[0]tgr_egr_crd_buf,100,9e-05
D0_0_0,[3]tgr_egr_bnc_buf,100,6e-05
D0_0_0,[2]tgr_egr_bnc_buf,100,0.1636
D0_0_0,[3]tgr_igr_bnc_buf,100,0.00118
D0_0_0,A0[3]agent_igr_bnc_buf,100,0.01512
D0_0_1,[3]tgr_egr_bnc_buf,100,0.00385
D0_0_1,[2]tgr_egr_bnc_buf,100,0.47093
D0_0_1,[2]tgr_igr_crd_buf,100,0.01222
D0_0_1,[3]tgr_igr_bnc_buf,100,0.00236
D0_0_1,A0[2]agent_egr_buf,100,0.02459
D0_0_1,A0[3]agent_igr_bnc_buf,100,0.002
D0_0_2,[0]tgr_egr_crd_buf,100,0.00071
D0_0_2,[3]tgr_egr_bnc_buf,100,0.00386
D0_0_2,[2]tgr_egr_bnc_buf,100,0.55749
D0_0_2,A1[0]agent_igr_crd_buf,100,0.00014
D0_0_2,[2]tgr_igr_crd_buf,100,0.01488
D0_0_2,[3]tgr_igr_bnc_buf,100,0.00236
D0_0_2,A0[0]agent_egr_buf,100,0.01533
D0_0_2,A0[2]agent_egr_buf,100,0.02332
D0_0_2,A1[3]agent_egr_buf,100,0.0332
D0_0_2,A1[4]agent_egr_buf,100,0.00854
D0_0_2,A0[3]agent_igr_bnc_buf,100,0.00208
D0_0_2,A1[2]agent_igr_bnc_buf,100,0.05733
D0_0_3,[0]tgr_egr_crd_buf,100,0.06542
D0_0_3,[3]tgr_egr_bnc_buf,100,3e-05
D0_0_3,[2]tgr_egr_bnc_buf,100,0.53248
D0_0_3,[2]tgr_igr_crd_buf,100,0.00834
D0_0_3,[3]tgr_igr_bnc_buf,100,0.00059
D0_0_3,A0[2]agent_egr_buf,100,0.02332
D0_0_3,A0[3]agent_igr_bnc_buf,100,0.00208
D0_0_4,[0]tgr_egr_crd_buf,100,0.01633
D0_0_4,[3]tgr_egr_bnc_buf,100,0.00329
D0_0_4,[2]tgr_egr_bnc_buf,100,0.55866
D0_0_4,A1[0]agent_igr_crd_buf,100,0.00014
D0_0_4,[2]tgr_igr_crd_buf,100,0.01172
D0_0_4,[3]tgr_igr_bnc_buf,100,0.00354
D0_0_4,A0[2]agent_egr_buf,100,0.02457
D0_0_4,A1[3]agent_egr_buf,100,0.01957
D0_0_4,A1[4]agent_egr_buf,100,0.00978
D0_0_4,A0[3]agent_igr_bnc_buf,100,0.002
D0_0_4,A1[2]agent_igr_bnc_buf,100,0.04977
D0_0_5,[0]tgr_egr_crd_buf,100,0.00946
D0_0_5,[3]tgr_egr_bnc_buf,100,0.00193
D0_0_5,[2]tgr_egr_bnc_buf,100,0.50496
D0_0_5,[2]tgr_igr_crd_buf,100,0.01255
D0_0_5,[3]tgr_igr_bnc_buf,100,0.00118
D0_0_5,A0[0]agent_egr_buf,100,0.01533
D0_0_5,A0[3]agent_igr_bnc_buf,100,0.01575
D0_0_6,[0]tgr_egr_crd_buf,100,0.00195
D0_0_6,[3]tgr_egr_bnc_buf,100,0.0077
D0_0_6,[2]tgr_egr_bnc_buf,100,0.48171
D0_0_6,A1[0]agent_igr_crd_buf,100,0.00014
D0_0_6,[2]tgr_igr_crd_buf,100,0.01191
D0_0_6,[3]tgr_igr_bnc_buf,100,0.00472
D0_0_6,A0[2]agent_egr_buf,100,0.02394
D0_0_6,A1[3]agent_egr_buf,100,0.01466
D0_0_6,A1[4]agent_egr_buf,100,0.00854
D0_0_6,A0[3]agent_igr_bnc_buf,100,0.002
D0_0_6,A1[2]agent_igr_bnc_buf,100,0.00252
D0_0_7,[0]tgr_egr_crd_buf,100,0.01658
D0_0_7,[2]tgr_egr_bnc_buf,100,0.19914
D0_0_7,[2]tgr_igr_crd_buf,100,0.00016
D0_0_7,A0[3]agent_igr_bnc_buf,100,0.01575
D0_1_0,[0]tgr_egr_crd_buf,100,3e-05
D0_1_0,[3]tgr_egr_bnc_buf,100,0.00635
D0_1_0,[3]tgr_igr_bnc_buf,100,0.00236
D0_1_0,A0[3]agent_igr_bnc_buf,100,0.02835
D0_1_1,[3]tgr_egr_bnc_buf,100,0.00582
D0_1_1,[3]tgr_igr_bnc_buf,100,0.00472
D0_1_1,A0[2]agent_egr_buf,100,0.05425
D0_1_1,A0[3]agent_igr_bnc_buf,100,0.00368
D0_1_2,[0]tgr_egr_crd_buf,100,3e-05
D0_1_2,[3]tgr_egr_bnc_buf,100,0.00522
D0_1_2,[3]tgr_igr_bnc_buf,100,0.00472
D0_1_2,A0[2]agent_egr_buf,100,0.05612
D0_1_2,A0[3]agent_igr_bnc_buf,100,0.0036
D0_1_3,[0]tgr_egr_crd_buf,100,0.01389
D0_1_3,[0]tgr_igr_crd_buf,100,4e-05
D0_1_3,[3]tgr_egr_bnc_buf,100,0.00436
D0_1_3,[3]tgr_igr_bnc_buf,100,0.00059
D0_1_3,A0[0]agent_egr_buf,100,0.01719
D0_1_3,A0[2]agent_egr_buf,100,0.05425
D0_1_3,A0[3]agent_igr_bnc_buf,100,0.0036
D0_1_4,[0]tgr_egr_crd_buf,100,0.00753
D0_1_4,[3]tgr_egr_bnc_buf,100,0.03283
D0_1_4,[3]tgr_igr_bnc_buf,100,0.00708
D0_1_4,A0[2]agent_egr_buf,100,0.0611
D0_1_4,A0[3]agent_igr_bnc_buf,100,0.00376
D0_1_5,[0]tgr_egr_crd_buf,100,0.01061
D0_1_5,[3]tgr_egr_bnc_buf,100,0.05256
D0_1_5,[3]tgr_igr_bnc_buf,100,0.00236
D0_1_5,A0[2]agent_egr_buf,100,0.05606
D0_1_5,A0[3]agent_igr_bnc_buf,100,0.00384
D0_1_6,[0]tgr_egr_crd_buf,100,3e-05
D0_1_6,[3]tgr_egr_bnc_buf,100,0.13095
D0_1_6,A1[0]agent_igr_crd_buf,100,0.00012
D0_1_6,[3]tgr_igr_bnc_buf,100,0.01062
D0_1_6,A0[0]agent_egr_buf,100,0.01719
D0_1_6,A0[2]agent_egr_buf,100,0.0561
D0_1_6,A1[3]agent_egr_buf,100,0.02861
D0_1_6,A1[4]agent_egr_buf,100,0.00671
D0_1_6,A0[3]agent_igr_bnc_buf,100,0.00384
D0_1_7,[0]tgr_egr_crd_buf,100,0.00636
D0_1_7,A0[3]agent_igr_bnc_buf,100,0.03024
D0_2_0,[0]tgr_egr_crd_buf,100,9e-05
D0_2_0,[3]tgr_egr_bnc_buf,100,0.00262
D0_2_0,[2]tgr_egr_bnc_buf,100,0.16686
D0_2_0,[2]tgr_igr_crd_buf,100,0.00079
D0_2_0,[3]tgr_igr_bnc_buf,100,0.00236
D0_2_0,A0[2]agent_egr_buf,100,0.05105
D0_2_0,A0[3]agent_igr_bnc_buf,100,0.004
D0_2_1,[3]tgr_egr_bnc_buf,100,0.02701
D0_2_1,[2]tgr_egr_bnc_buf,100,0.25562
D0_2_1,[2]tgr_igr_crd_buf,100,0.00482
D0_2_1,[3]tgr_igr_bnc_buf,100,0.00531
D0_2_1,A0[2]agent_egr_buf,100,0.06482
D0_2_1,A0[3]agent_igr_bnc_buf,100,0.004
D0_2_2,[0]tgr_egr_crd_buf,100,0.00946
D0_2_2,[3]tgr_egr_bnc_buf,100,0.01271
D0_2_2,[2]tgr_egr_bnc_buf,100,0.27499
D0_2_2,A1[0]agent_igr_crd_buf,100,0.00014
D0_2_2,[2]tgr_igr_crd_buf,100,0.00585
D0_2_2,[3]tgr_igr_bnc_buf,100,0.00472
D0_2_2,A0[2]agent_egr_buf,100,0.06041
D0_2_2,A1[3]agent_egr_buf,100,0.02762
D0_2_2,A1[4]agent_egr_buf,100,0.00854
D0_2_2,A0[3]agent_igr_bnc_buf,100,0.004
D0_2_2,A1[2]agent_igr_bnc_buf,100,0.00945
D0_2_3,[0]tgr_egr_crd_buf,100,0.09041
D0_2_3,[2]tgr_egr_bnc_buf,100,0.27556
D0_2_3,[2]tgr_igr_crd_buf,100,0.00577
D0_2_3,A0[0]agent_egr_buf,100,0.01907
D0_2_3,A0[2]agent_egr_buf,100,0.06669
D0_2_3,A0[3]agent_igr_bnc_buf,100,0.004
D0_2_4,[0]tgr_egr_crd_buf,100,0.01883
D0_2_4,[3]tgr_egr_bnc_buf,100,0.10157
D0_2_4,[2]tgr_egr_bnc_buf,100,0.26914
D0_2_4,A1[0]agent_igr_crd_buf,100,0.00014
D0_2_4,[2]tgr_igr_crd_buf,100,0.00462
D0_2_4,[3]tgr_igr_bnc_buf,100,0.00708
D0_2_4,A0[2]agent_egr_buf,100,0.07351
D0_2_4,A1[3]agent_egr_buf,100,0.03197
D0_2_4,A1[4]agent_egr_buf,100,0.00978
D0_2_4,A0[3]agent_igr_bnc_buf,100,0.004
D0_2_4,A1[2]agent_igr_bnc_buf,100,0.02205
D0_2_5,[0]tgr_egr_crd_buf,100,0.02446
D0_2_5,[3]tgr_egr_bnc_buf,100,0.01261
D0_2_5,[2]tgr_egr_bnc_buf,100,0.28059
D0_2_5,[2]tgr_igr_crd_buf,100,0.00518
D0_2_5,[3]tgr_igr_bnc_buf,100,0.00236
D0_2_5,A0[2]agent_egr_buf,100,0.06107
D0_2_5,A0[3]agent_igr_bnc_buf,100,0.00384
D0_2_6,[0]tgr_egr_crd_buf,100,0.01259
D0_2_6,[3]tgr_egr_bnc_buf,100,0.03294
D0_2_6,[2]tgr_egr_bnc_buf,100,0.24793
D0_2_6,A1[0]agent_igr_crd_buf,100,0.00014
D0_2_6,[2]tgr_igr_crd_buf,100,0.0041
D0_2_6,[3]tgr_igr_bnc_buf,100,0.00944
D0_2_6,A0[2]agent_egr_buf,100,0.07608
D0_2_6,A1[3]agent_egr_buf,100,0.02824
D0_2_6,A1[4]agent_egr_buf,100,0.00854
D0_2_6,A0[3]agent_igr_bnc_buf,100,0.00384
D0_2_6,A1[2]agent_igr_bnc_buf,100,0.0378
D0_2_7,[0]tgr_egr_crd_buf,100,0.01221
D0_2_7,[2]tgr_egr_bnc_buf,100,0.18198
D0_2_7,[2]tgr_igr_crd_buf,100,0.00028
D0_2_7,A0[0]agent_egr_buf,100,0.01907
D0_2_7,A0[2]agent_egr_buf,100,0.05046
D0_2_7,A0[3]agent_igr_bnc_buf,100,0.00376
D0_3_0,[0]tgr_egr_crd_buf,100,0.00258
D0_3_0,[3]tgr_egr_bnc_buf,100,0.00385
D0_3_0,[2]tgr_egr_bnc_buf,100,0.63394
D0_3_0,A1[0]agent_igr_crd_buf,100,0.00014
D0_3_0,[2]tgr_igr_crd_buf,100,0.01076
D0_3_0,[3]tgr_igr_bnc_buf,100,0.00236
D0_3_0,A0[2]agent_egr_buf,100,0.13984
D0_3_0,A1[3]agent_egr_buf,100,0.02576
D0_3_0,A1[4]agent_egr_buf,100,0.00854
D0_3_0,A0[3]agent_igr_bnc_buf,100,0.004
D0_3_0,A1[2]agent_igr_bnc_buf,100,0.04158
D0_3_1,[3]tgr_egr_bnc_buf,100,0.0103
D0_3_1,[2]tgr_egr_bnc_buf,100,0.67954
D0_3_1,A1[0]agent_igr_crd_buf,100,0.00014
D0_3_1,[2]tgr_igr_crd_buf,100,0.02058
D0_3_1,[3]tgr_igr_bnc_buf,100,0.0059
D0_3_1,A0[2]agent_egr_buf,100,0.14733
D0_3_1,A1[3]agent_egr_buf,100,0.02576
D0_3_1,A1[4]agent_egr_buf,100,0.00854
D0_3_1,A0[3]agent_igr_bnc_buf,100,0.00408
D0_3_1,A1[2]agent_igr_bnc_buf,100,0.00819
D0_3_2,[0]tgr_egr_crd_buf,100,0.02946
D0_3_2,[3]tgr_egr_bnc_buf,100,0.00146
D0_3_2,[2]tgr_egr_bnc_buf,100,0.67779
D0_3_2,[2]tgr_igr_crd_buf,100,0.01988
D0_3_2,[3]tgr_igr_bnc_buf,100,0.00472
D0_3_2,A0[2]agent_egr_buf,100,0.13911
D0_3_2,A0[3]agent_igr_bnc_buf,100,0.004
D0_3_3,[0]tgr_egr_crd_buf,100,0.09605
D0_3_3,[0]tgr_igr_crd_buf,100,0.00012
D0_3_3,[3]tgr_egr_bnc_buf,100,0.00381
D0_3_3,[2]tgr_egr_bnc_buf,100,0.66749
D0_3_3,[2]tgr_igr_crd_buf,100,0.01596
D0_3_3,[3]tgr_igr_bnc_buf,100,0.00118
D0_3_3,A0[0]agent_egr_buf,100,0.02343
D0_3_3,A0[2]agent_egr_buf,100,0.07538
D0_3_3,A0[3]agent_igr_bnc_buf,100,0.004
D0_3_4,[0]tgr_egr_crd_buf,100,0.02321
D0_3_4,[3]tgr_egr_bnc_buf,100,0.04845
D0_3_4,[2]tgr_egr_bnc_buf,100,0.67184
D0_3_4,[2]tgr_igr_crd_buf,100,0.02251
D0_3_4,[3]tgr_igr_bnc_buf,100,0.00708
D0_3_4,A0[2]agent_egr_buf,100,0.13292
D0_3_4,A0[3]agent_igr_bnc_buf,100,0.00408
D0_3_5,[0]tgr_egr_crd_buf,100,0.02133
D0_3_5,[3]tgr_egr_bnc_buf,100,0.02886
D0_3_5,[2]tgr_egr_bnc_buf,100,0.68561
D0_3_5,[2]tgr_igr_crd_buf,100,0.02221
D0_3_5,[3]tgr_igr_bnc_buf,100,0.00236
D0_3_5,A0[2]agent_egr_buf,100,0.08224
D0_3_5,A0[3]agent_igr_bnc_buf,100,0.00408
D0_3_6,[0]tgr_egr_crd_buf,100,0.01446
D0_3_6,[3]tgr_egr_bnc_buf,100,0.03419
D0_3_6,[2]tgr_egr_bnc_buf,100,0.67059
D0_3_6,A1[0]agent_igr_crd_buf,100,0.00014
D0_3_6,[2]tgr_igr_crd_buf,100,0.01237
D0_3_6,[3]tgr_igr_bnc_buf,100,0.00944
D0_3_6,A0[2]agent_egr_buf,100,0.14978
D0_3_6,A1[3]agent_egr_buf,100,0.02951
D0_3_6,A1[4]agent_egr_buf,100,0.00854
D0_3_6,A0[3]agent_igr_bnc_buf,100,0.00408
D0_3_6,A1[2]agent_igr_bnc_buf,100,0.07497
D0_3_7,[0]tgr_egr_crd_buf,100,0.01658
D0_3_7,[0]tgr_igr_crd_buf,100,9e-05
D0_3_7,[2]tgr_egr_bnc_buf,100,0.1639
D0_3_7,[2]tgr_igr_crd_buf,100,4e-05
D0_3_7,A0[0]agent_egr_buf,100,0.02093
D0_3_7,A0[2]agent_egr_buf,100,0.09977
D0_3_7,A0[3]agent_igr_bnc_buf,100,0.00408
D0_4_0,[0]tgr_egr_crd_buf,100,0.00133
D0_4_0,[3]tgr_egr_bnc_buf,100,0.00385
D0_4_0,[2]tgr_egr_bnc_buf,100,0.03974
D0_4_0,[2]tgr_igr_crd_buf,100,7e-05
D0_4_0,[3]tgr_igr_bnc_buf,100,0.00236
D0_4_0,A0[2]agent_egr_buf,100,0.06732
D0_4_0,A0[3]agent_igr_bnc_buf,100,0.00368
D0_4_1,[3]tgr_egr_bnc_buf,100,0.00901
D0_4_1,[2]tgr_egr_bnc_buf,100,0.5483
D0_4_1,A1[0]agent_igr_crd_buf,100,0.00014
D0_4_1,[2]tgr_igr_crd_buf,100,0.0061
D0_4_1,[3]tgr_igr_bnc_buf,100,0.0059
D0_4_1,A0[2]agent_egr_buf,100,0.15295
D0_4_1,A1[3]agent_egr_buf,100,0.02328
D0_4_1,A1[4]agent_egr_buf,100,0.00854
D0_4_1,A0[3]agent_igr_bnc_buf,100,0.00384
D0_4_1,A1[2]agent_igr_bnc_buf,100,0.04095
D0_4_2,[0]tgr_egr_crd_buf,100,0.01446
D0_4_2,[3]tgr_egr_bnc_buf,100,0.0158
D0_4_2,[2]tgr_egr_bnc_buf,100,0.58731
D0_4_2,[2]tgr_igr_crd_buf,100,0.01605
D0_4_2,[3]tgr_igr_bnc_buf,100,0.00413
D0_4_2,A0[2]agent_egr_buf,100,0.14104
D0_4_2,A0[3]agent_igr_bnc_buf,100,0.00392
D0_4_3,[0]tgr_egr_crd_buf,100,0.08728
D0_4_3,[0]tgr_igr_crd_buf,100,6e-05
D0_4_3,[3]tgr_egr_bnc_buf,100,0.0201
D0_4_3,[2]tgr_egr_bnc_buf,100,0.60239
D0_4_3,A1[0]agent_igr_crd_buf,100,0.00014
D0_4_3,[2]tgr_igr_crd_buf,100,0.01657
D0_4_3,[3]tgr_igr_bnc_buf,100,0.00236
D0_4_3,A0[0]agent_egr_buf,100,0.01657
D0_4_3,A0[2]agent_egr_buf,100,0.10667
D0_4_3,A1[3]agent_egr_buf,100,0.01041
D0_4_3,A1[4]agent_egr_buf,100,0.00854
D0_4_3,A0[3]agent_igr_bnc_buf,100,0.004
D0_4_4,[0]tgr_egr_crd_buf,100,0.02384
D0_4_4,[3]tgr_egr_bnc_buf,100,0.0341
D0_4_4,[2]tgr_egr_bnc_buf,100,0.60427
D0_4_4,[2]tgr_igr_crd_buf,100,0.01778
D0_4_4,[3]tgr_igr_bnc_buf,100,0.00708
D0_4_4,A0[2]agent_egr_buf,100,0.13227
D0_4_4,A0[3]agent_igr_bnc_buf,100,0.00392
D0_4_5,[0]tgr_egr_crd_buf,100,0.0207
D0_4_5,[3]tgr_egr_bnc_buf,100,0.02011
D0_4_5,[2]tgr_egr_bnc_buf,100,0.60864
D0_4_5,[2]tgr_igr_crd_buf,100,0.01512
D0_4_5,[3]tgr_igr_bnc_buf,100,0.00236
D0_4_5,A0[2]agent_egr_buf,100,0.0929
D0_4_5,A0[3]agent_igr_bnc_buf,100,0.004
D0_4_6,[0]tgr_egr_crd_buf,100,0.01133
D0_4_6,[3]tgr_egr_bnc_buf,100,0.04839
D0_4_6,[2]tgr_egr_bnc_buf,100,0.52238
D0_4_6,A1[0]agent_igr_crd_buf,100,0.00014
D0_4_6,[2]tgr_igr_crd_buf,100,0.00466
D0_4_6,[3]tgr_igr_bnc_buf,100,0.00885
D0_4_6,A0[2]agent_egr_buf,100,0.11979
D0_4_6,A1[3]agent_egr_buf,100,0.03327
D0_4_6,A1[4]agent_egr_buf,100,0.00854
D0_4_6,A0[3]agent_igr_bnc_buf,100,0.00392
D0_4_6,A1[2]agent_igr_bnc_buf,100,0.07056
D0_4_7,[0]tgr_egr_crd_buf,100,0.01783
D0_4_7,[0]tgr_igr_crd_buf,100,3e-05
D0_4_7,[2]tgr_egr_bnc_buf,100,0.05168
D0_4_7,[2]tgr_igr_crd_buf,100,6e-05
D0_4_7,A0[0]agent_egr_buf,100,0.01657
D0_4_7,A0[2]agent_egr_buf,100,0.06541
D0_4_7,A0[3]agent_igr_bnc_buf,100,0.00392
D0_5_0,[0]tgr_egr_crd_buf,100,0.00198
D0_5_0,[3]tgr_egr_bnc_buf,100,0.00012
D0_5_0,[2]tgr_egr_bnc_buf,100,0.01915
D0_5_0,[3]tgr_igr_bnc_buf,100,0.00236
D0_5_0,A0[2]agent_egr_buf,100,0.06603
D0_5_0,A0[3]agent_igr_bnc_buf,100,0.00376
D0_5_1,[3]tgr_egr_bnc_buf,100,0.01029
D0_5_1,[2]tgr_egr_bnc_buf,100,0.29248
D0_5_1,A1[0]agent_igr_crd_buf,100,0.00014
D0_5_1,[2]tgr_igr_crd_buf,100,0.00434
D0_5_1,[3]tgr_igr_bnc_buf,100,0.00649
D0_5_1,A0[2]agent_egr_buf,100,0.091
D0_5_1,A1[3]agent_egr_buf,100,0.02281
D0_5_1,A1[4]agent_egr_buf,100,0.00854
D0_5_1,A0[3]agent_igr_bnc_buf,100,0.00392
D0_5_1,A1[2]agent_igr_bnc_buf,100,0.00252
D0_5_2,[0]tgr_egr_crd_buf,100,0.01386
D0_5_2,[3]tgr_egr_bnc_buf,100,0.01272
D0_5_2,[2]tgr_egr_bnc_buf,100,0.35698
D0_5_2,[2]tgr_igr_crd_buf,100,0.0076
D0_5_2,[3]tgr_igr_bnc_buf,100,0.00472
D0_5_2,A0[2]agent_egr_buf,100,0.09975
D0_5_2,A0[3]agent_igr_bnc_buf,100,0.00392
D0_5_3,[0]tgr_egr_crd_buf,100,0.09726
D0_5_3,[3]tgr_egr_bnc_buf,100,0.00691
D0_5_3,[2]tgr_egr_bnc_buf,100,0.33441
D0_5_3,A1[0]agent_igr_crd_buf,100,4e-05
D0_5_3,[2]tgr_igr_crd_buf,100,0.00708
D0_5_3,[3]tgr_igr_bnc_buf,100,0.00177
D0_5_3,A0[0]agent_egr_buf,100,0.01843
D0_5_3,A0[2]agent_egr_buf,100,0.05227
D0_5_3,A1[3]agent_egr_buf,100,0.00369
D0_5_3,A1[4]agent_egr_buf,100,0.00183
D0_5_3,A0[3]agent_igr_bnc_buf,100,0.004
D0_5_4,[0]tgr_egr_crd_buf,100,0.00136
D0_5_4,[3]tgr_egr_bnc_buf,100,0.03535
D0_5_4,[2]tgr_egr_bnc_buf,100,0.3607
D0_5_4,A1[0]agent_igr_crd_buf,100,0.00014
D0_5_4,[2]tgr_igr_crd_buf,100,0.00853
D0_5_4,[3]tgr_igr_bnc_buf,100,0.00708
D0_5_4,A0[2]agent_egr_buf,100,0.08788
D0_5_4,A1[3]agent_egr_buf,100,0.0208
D0_5_4,A1[4]agent_egr_buf,100,0.00854
D0_5_4,A0[3]agent_igr_bnc_buf,100,0.00408
D0_5_4,A1[2]agent_igr_bnc_buf,100,0.0567
D0_5_5,[0]tgr_egr_crd_buf,100,0.01569
D0_5_5,[3]tgr_egr_bnc_buf,100,0.0351
D0_5_5,[2]tgr_egr_bnc_buf,100,0.37257
D0_5_5,A1[0]agent_igr_crd_buf,100,0.00014
D0_5_5,[2]tgr_igr_crd_buf,100,0.00719
D0_5_5,[3]tgr_igr_bnc_buf,100,0.00236
D0_5_5,A0[2]agent_egr_buf,100,0.06414
D0_5_5,A1[3]agent_egr_buf,100,0.03072
D0_5_5,A1[4]agent_egr_buf,100,0.00854
D0_5_5,A0[3]agent_igr_bnc_buf,100,0.004
D0_5_5,A1[2]agent_igr_bnc_buf,100,0.03465
D0_5_6,[0]tgr_egr_crd_buf,100,0.01256
D0_5_6,[3]tgr_egr_bnc_buf,100,0.02528
D0_5_6,[2]tgr_egr_bnc_buf,100,0.3342
D0_5_6,[2]tgr_igr_crd_buf,100,0.00537
D0_5_6,[3]tgr_igr_bnc_buf,100,0.00826
D0_5_6,A0[2]agent_egr_buf,100,0.08038
D0_5_6,A0[3]agent_igr_bnc_buf,100,0.004
D0_5_7,[0]tgr_egr_crd_buf,100,0.01794
D0_5_7,[2]tgr_egr_bnc_buf,100,0.03791
D0_5_7,[2]tgr_igr_crd_buf,100,0.0001
D0_5_7,A0[0]agent_egr_buf,100,0.01843
D0_5_7,A0[2]agent_egr_buf,100,0.08098
D0_5_7,A0[3]agent_igr_bnc_buf,100,0.004
D0_6_0,[3]tgr_egr_bnc_buf,100,0.00385
D0_6_0,[3]tgr_igr_bnc_buf,100,0.00236
D0_6_0,A0[3]agent_igr_bnc_buf,100,0.02772
D0_6_1,[3]tgr_egr_bnc_buf,100,0.03721
D0_6_1,[3]tgr_igr_bnc_buf,100,0.00708
D0_6_1,A0[2]agent_egr_buf,100,0.05548
D0_6_1,A0[3]agent_igr_bnc_buf,100,0.00368
D0_6_2,[3]tgr_egr_bnc_buf,100,0.02581
D0_6_2,[3]tgr_igr_bnc_buf,100,0.00413
D0_6_2,A0[2]agent_egr_buf,100,0.06545
D0_6_2,A0[3]agent_igr_bnc_buf,100,0.00376
D0_6_3,A0[2]agent_egr_buf,100,0.04672
D0_6_3,A0[3]agent_igr_bnc_buf,100,0.00376
D0_6_4,[3]tgr_egr_bnc_buf,100,0.10528
D0_6_4,[3]tgr_igr_bnc_buf,100,0.00708
D0_6_4,A0[2]agent_egr_buf,100,0.06358
D0_6_4,A0[3]agent_igr_bnc_buf,100,0.00368
D0_6_5,[3]tgr_egr_bnc_buf,100,0.04323
D0_6_5,[3]tgr_igr_bnc_buf,100,0.00236
D0_6_5,A0[2]agent_egr_buf,100,0.04986
D0_6_5,A0[3]agent_igr_bnc_buf,100,0.00376
D0_6_6,[3]tgr_egr_bnc_buf,100,0.01971
D0_6_6,[3]tgr_igr_bnc_buf,100,0.00708
D0_6_6,A0[2]agent_egr_buf,100,0.0636
D0_6_6,A0[3]agent_igr_bnc_buf,100,0.00368
D0_6_7,A0[3]agent_igr_bnc_buf,100,0.02898
D0_7_0,[3]tgr_egr_bnc_buf,100,6e-05
D0_7_0,[3]tgr_igr_bnc_buf,100,0.00118
D0_7_0,A0[0]agent_egr_buf,100,0.01595
D0_7_0,A0[2]agent_egr_buf,100,0.0221
D0_7_0,A0[3]agent_igr_bnc_buf,100,0.002
D0_7_1,[3]tgr_egr_bnc_buf,100,0.00329
D0_7_1,[3]tgr_igr_bnc_buf,100,0.00354
D0_7_1,A0[2]agent_egr_buf,100,0.02146
D0_7_1,A0[3]agent_igr_bnc_buf,100,0.002
D0_7_2,[3]tgr_egr_bnc_buf,100,0.00261
D0_7_2,[3]tgr_igr_bnc_buf,100,0.00236
D0_7_2,A0[2]agent_egr_buf,100,0.02517
D0_7_2,A0[3]agent_igr_bnc_buf,100,0.00208
D0_7_3,[3]tgr_igr_bnc_buf,100,0.00059
D0_7_3,A0[3]agent_igr_bnc_buf,100,0.01575
D0_7_4,[3]tgr_egr_bnc_buf,100,0.01329
D0_7_4,[3]tgr_igr_bnc_buf,100,0.00354
D0_7_4,A0[0]agent_egr_buf,100,0.01595
D0_7_4,A0[2]agent_egr_buf,100,0.02456
D0_7_4,A0[3]agent_igr_bnc_buf,100,0.00208
D0_7_5,[3]tgr_egr_bnc_buf,100,6e-05
D0_7_5,[3]tgr_igr_bnc_buf,100,0.00118
D0_7_5,A0[3]agent_igr_bnc_buf,100,0.01638
D0_7_6,[3]tgr_egr_bnc_buf,100,0.0039
D0_7_6,[3]tgr_igr_bnc_buf,100,0.00354
D0_7_6,A0[2]agent_egr_buf,100,0.02581
D0_7_6,A0[3]agent_igr_bnc_buf,100,0.00208
D0_7_7,A0[2]agent_egr_buf,100,0.02084
D0_7_7,A0[3]agent_igr_bnc_buf,100,0.00208
D0_0_0,[0]tgr_egr_crd_buf,200,0.0013
D0_0_0,[3]tgr_egr_bnc_buf,200,6e-05
D0_0_0,[2]tgr_egr_bnc_buf,200,0.02866
D0_0_0,[3]tgr_igr_bnc_buf,200,0.00177
D0_0_0,A0[3]agent_igr_bnc_buf,200,0.0252
D0_0_1,[3]tgr_egr_bnc_buf,200,0.0089
D0_0_1,[2]tgr_egr_bnc_buf,200,0.77697
D0_0_1,[2]tgr_igr_crd_buf,200,0.02277
D0_0_1,[3]tgr_igr_bnc_buf,200,0.00354
D0_0_1,A0[2]agent_egr_buf,200,0.03685
D0_0_1,A0[3]agent_igr_bnc_buf,200,0.00312
D0_0_2,[0]tgr_egr_crd_buf,200,0.0013
D0_0_2,[3]tgr_egr_bnc_buf,200,6e-05
D0_0_2,[2]tgr_egr_bnc_buf,200,0.97242
D0_0_2,[2]tgr_igr_crd_buf,200,0.05773
D0_0_2,[3]tgr_igr_bnc_buf,200,0.00118
D0_0_2,A0[0]agent_egr_buf,200,0.0184
D0_0_2,A0[2]agent_egr_buf,200,0.03497
D0_0_2,A0[3]agent_igr_bnc_buf,200,0.00304
D0_0_2,A1[2]agent_igr_bnc_buf,200,0.06741
D0_0_3,[0]tgr_egr_crd_buf,200,0.06714
D0_0_3,[3]tgr_egr_bnc_buf,200,0.00329
D0_0_3,[2]tgr_egr_bnc_buf,200,0.9856
D0_0_3,A1[0]agent_igr_crd_buf,200,0.00014
D0_0_3,[2]tgr_igr_crd_buf,200,0.02309
D0_0_3,[3]tgr_igr_bnc_buf,200,0.00354
D0_0_3,A0[2]agent_egr_buf,200,0.03622
D0_0_3,A1[3]agent_egr_buf,200,0.01771
D0_0_3,A1[4]agent_egr_buf,200,0.00854
D0_0_3,A0[3]agent_igr_bnc_buf,200,0.00304
D0_0_3,A1[2]agent_igr_bnc_buf,200,0.01449
D0_0_4,[0]tgr_egr_crd_buf,200,0.00943
D0_0_4,[3]tgr_egr_bnc_buf,200,0.00897
D0_0_4,[2]tgr_egr_bnc_buf,200,0.96462
D0_0_4,[2]tgr_igr_crd_buf,200,0.01764
D0_0_4,[3]tgr_igr_bnc_buf,200,0.00472
D0_0_4,A0[2]agent_egr_buf,200,0.03997
D0_0_4,A0[3]agent_igr_bnc_buf,200,0.00312
D0_0_4,A1[2]agent_igr_bnc_buf,200,0.06993
D0_0_5,[0]tgr_egr_crd_buf,200,0.0013
D0_0_5,[3]tgr_egr_bnc_buf,200,0.00193
D0_0_5,[2]tgr_egr_bnc_buf,200,0.9724
D0_0_5,A1[0]agent_igr_crd_buf,200,0.00014
D0_0_5,[2]tgr_igr_crd_buf,200,0.03882
D0_0_5,[3]tgr_igr_bnc_buf,200,0.00118
D0_0_5,A0[0]agent_egr_buf,200,0.0184
D0_0_5,A1[4]agent_egr_buf,200,0.00854
D0_0_5,A0[3]agent_igr_bnc_buf,200,0.02457
D0_0_6,[0]tgr_egr_crd_buf,200,6e-05
D0_0_6,[3]tgr_egr_bnc_buf,200,0.00635
D0_0_6,[2]tgr_egr_bnc_buf,200,0.56253
D0_0_6,[2]tgr_igr_crd_buf,200,0.01164
D0_0_6,[3]tgr_igr_bnc_buf,200,0.00236
D0_0_6,A0[2]agent_egr_buf,200,0.03809
D0_0_6,A1[3]agent_egr_buf,200,0.00366
D0_0_6,A0[3]agent_igr_bnc_buf,200,0.00312
D0_0_6,A1[2]agent_igr_bnc_buf,200,0.07434
D0_0_7,[0]tgr_egr_crd_buf,200,0.00772
D0_0_7,[3]tgr_egr_bnc_buf,200,0.00898
D0_0_7,[2]tgr_egr_bnc_buf,200,0.01496
D0_0_7,[3]tgr_igr_bnc_buf,200,0.00472
D0_0_7,A0[3]agent_igr_bnc_buf,200,0.02457
D0_1_0,[0]tgr_egr_crd_buf,200,0.00068
D0_1_0,[3]tgr_egr_bnc_buf,200,0.00696
D0_1_0,[2]tgr_egr_bnc_buf,200,0.0435
D0_1_0,[3]tgr_igr_bnc_buf,200,0.00295
D0_1_0,A0[3]agent_igr_bnc_buf,200,0.04599
D0_1_1,[3]tgr_egr_bnc_buf,200,0.02351
D0_1_1,[2]tgr_egr_bnc_buf,200,0.43789
D0_1_1,[2]tgr_igr_crd_buf,200,0.0011
D0_1_1,[3]tgr_igr_bnc_buf,200,0.00708
D0_1_1,A0[2]agent_egr_buf,200,0.09941
D0_1_1,A0[3]agent_igr_bnc_buf,200,0.00576
D0_1_2,[0]tgr_egr_crd_buf,200,0.00068
D0_1_2,[3]tgr_egr_bnc_buf,200,0.0376
D0_1_2,[2]tgr_egr_bnc_buf,200,0.78074
D0_1_2,[2]tgr_igr_crd_buf,200,0.01358
D0_1_2,[3]tgr_igr_bnc_buf,200,0.00236
D0_1_2,A0[2]agent_egr_buf,200,0.10125
D0_1_2,A0[3]agent_igr_bnc_buf,200,0.00592
D0_1_3,[0]tgr_egr_crd_buf,200,0.04653
D0_1_3,[0]tgr_igr_crd_buf,200,8e-05
D0_1_3,[3]tgr_egr_bnc_buf,200,0.07098
D0_1_3,[2]tgr_egr_bnc_buf,200,0.76129
D0_1_3,A1[0]agent_igr_crd_buf,200,0.00014
D0_1_3,[2]tgr_igr_crd_buf,200,0.01312
D0_1_3,[3]tgr_igr_bnc_buf,200,0.00767
D0_1_3,A0[0]agent_egr_buf,200,0.01964
D0_1_3,A0[2]agent_egr_buf,200,0.09498
D0_1_3,A1[3]agent_egr_buf,200,0.06291
D0_1_3,A1[4]agent_egr_buf,200,0.00854
D0_1_3,A0[3]agent_igr_bnc_buf,200,0.006
D0_1_4,[0]tgr_egr_crd_buf,200,0.00818
D0_1_4,[3]tgr_egr_bnc_buf,200,0.08102
D0_1_4,[2]tgr_egr_bnc_buf,200,0.78747
D0_1_4,A1[0]agent_igr_crd_buf,200,0.00014
D0_1_4,[2]tgr_igr_crd_buf,200,0.01198
D0_1_4,[3]tgr_igr_bnc_buf,200,0.00944
D0_1_4,A0[2]agent_egr_buf,200,0.09622
D0_1_4,A1[3]agent_egr_buf,200,0.07197
D0_1_4,A1[4]agent_egr_buf,200,0.00854
D0_1_4,A0[3]agent_igr_bnc_buf,200,0.006
D0_1_4,A1[2]agent_igr_bnc_buf,200,0.03969
D0_1_5,[0]tgr_egr_crd_buf,200,0.01572
D0_1_5,[3]tgr_egr_bnc_buf,200,0.0339
D0_1_5,[2]tgr_egr_bnc_buf,200,0.7888
D0_1_5,[2]tgr_igr_crd_buf,200,0.01313
D0_1_5,[3]tgr_igr_bnc_buf,200,0.00236
D0_1_5,A0[2]agent_egr_buf,200,0.07376
D0_1_5,A0[3]agent_igr_bnc_buf,200,0.00584
D0_1_6,[0]tgr_egr_crd_buf,200,0.00568
D0_1_6,[3]tgr_egr_bnc_buf,200,0.04396
D0_1_6,[2]tgr_egr_bnc_buf,200,0.45547
D0_1_6,A1[0]agent_igr_crd_buf,200,2e-05
D0_1_6,[2]tgr_igr_crd_buf,200,0.00035
D0_1_6,[3]tgr_igr_bnc_buf,200,0.00354
D0_1_6,A0[0]agent_egr_buf,200,0.01964
D0_1_6,A0[2]agent_egr_buf,200,0.09877
D0_1_6,A1[3]agent_egr_buf,200,0.24085
D0_1_6,A1[4]agent_egr_buf,200,0.00183
D0_1_6,A0[3]agent_igr_bnc_buf,200,0.00584
D0_1_6,A1[2]agent_igr_bnc_buf,200,0.08946
D0_1_7,[0]tgr_egr_crd_buf,200,0.01272
D0_1_7,[3]tgr_egr_bnc_buf,200,0.14906
D0_1_7,[2]tgr_egr_bnc_buf,200,0.031
D0_1_7,[3]tgr_igr_bnc_buf,200,0.00944
D0_1_7,A0[3]agent_igr_bnc_buf,200,0.04662
D0_2_0,[0]tgr_egr_crd_buf,200,0.0157
D0_2_0,[3]tgr_egr_bnc_buf,200,0.00513
D0_2_0,[2]tgr_egr_bnc_buf,200,0.67531
D0_2_0,A1[0]agent_igr_crd_buf,200,0.00014
D0_2_0,[2]tgr_igr_crd_buf,200,0.00305
D0_2_0,[3]tgr_igr_bnc_buf,200,0.00354
D0_2_0,A0[2]agent_egr_buf,200,0.08688
D0_2_0,A1[3]agent_egr_buf,200,0.02824
D0_2_0,A1[4]agent_egr_buf,200,0.00854
D0_2_0,A0[3]agent_igr_bnc_buf,200,0.00592
D0_2_0,A1[2]agent_igr_bnc_buf,200,0.02268
D0_2_1,[3]tgr_egr_bnc_buf,200,0.03724
D0_2_1,[2]tgr_egr_bnc_buf,200,0.9574
D0_2_1,A1[0]agent_igr_crd_buf,200,0.00014
D0_2_1,[2]tgr_igr_crd_buf,200,0.08961
D0_2_1,[3]tgr_igr_bnc_buf,200,0.00649
D0_2_1,A0[2]agent_egr_buf,200,0.12122
D0_2_1,A1[3]agent_egr_buf,200,0.02824
D0_2_1,A1[4]agent_egr_buf,200,0.00854
D0_2_1,A0[3]agent_igr_bnc_buf,200,0.00592
D0_2_1,A1[2]agent_igr_bnc_buf,200,0.02268
D0_2_2,[0]tgr_egr_crd_buf,200,0.03133
D0_2_2,[3]tgr_egr_bnc_buf,200,0.00762
D0_2_2,[2]tgr_egr_bnc_buf,200,0.973
D0_2_2,[2]tgr_igr_crd_buf,200,0.09315
D0_2_2,[3]tgr_igr_bnc_buf,200,0.00236
D0_2_2,A0[2]agent_egr_buf,200,0.14496
D0_2_2,A1[3]agent_egr_buf,200,0.00063
D0_2_2,A0[3]agent_igr_bnc_buf,200,0.006
D0_2_2,A1[2]agent_igr_bnc_buf,200,0.06993
D0_2_3,[0]tgr_egr_crd_buf,200,0.08355
D0_2_3,[3]tgr_egr_bnc_buf,200,0.03284
D0_2_3,[2]tgr_egr_bnc_buf,200,0.9994
D0_2_3,[2]tgr_igr_crd_buf,200,0.10709
D0_2_3,[3]tgr_igr_bnc_buf,200,0.00767
D0_2_3,A0[0]agent_egr_buf,200,0.0184
D0_2_3,A0[2]agent_egr_buf,200,0.1425
D0_2_3,A0[3]agent_igr_bnc_buf,200,0.00592
D0_2_4,[0]tgr_egr_crd_buf,200,0.01883
D0_2_4,[3]tgr_egr_bnc_buf,200,0.12168
D0_2_4,[2]tgr_egr_bnc_buf,200,0.96038
D0_2_4,[2]tgr_igr_crd_buf,200,0.06347
D0_2_4,[3]tgr_igr_bnc_buf,200,0.00944
D0_2_4,A0[2]agent_egr_buf,200,0.11744
D0_2_4,A0[3]agent_igr_bnc_buf,200,0.00608
D0_2_4,A1[2]agent_igr_bnc_buf,200,0.06804
D0_2_5,[0]tgr_egr_crd_buf,200,0.02446
D0_2_5,[3]tgr_egr_bnc_buf,200,0.02136
D0_2_5,[2]tgr_egr_bnc_buf,200,0.98202
D0_2_5,[2]tgr_igr_crd_buf,200,0.08362
D0_2_5,[3]tgr_igr_bnc_buf,200,0.00236
D0_2_5,A0[2]agent_egr_buf,200,0.11618
D0_2_5,A0[3]agent_igr_bnc_buf,200,0.00608
D0_2_6,[0]tgr_egr_crd_buf,200,0.01196
D0_2_6,[3]tgr_egr_bnc_buf,200,0.05579
D0_2_6,[2]tgr_egr_bnc_buf,200,0.9537
D0_2_6,[2]tgr_igr_crd_buf,200,0.07045
D0_2_6,[3]tgr_igr_bnc_buf,200,0.00472
D0_2_6,A0[2]agent_egr_buf,200,0.1493
D0_2_6,A0[3]agent_igr_bnc_buf,200,0.00616
D0_2_6,A1[2]agent_igr_bnc_buf,200,0.06426
D0_2_7,[0]tgr_egr_crd_buf,200,0.01345
D0_2_7,[3]tgr_egr_bnc_buf,200,0.08544
D0_2_7,[2]tgr_egr_bnc_buf,200,0.52711
D0_2_7,A1[0]agent_igr_crd_buf,200,0.00014
D0_2_7,[2]tgr_igr_crd_buf,200,0.00217
D0_2_7,[3]tgr_igr_bnc_buf,200,0.00944
D0_2_7,A0[0]agent_egr_buf,200,0.0184
D0_2_7,A0[2]agent_egr_buf,200,0.08683
D0_2_7,A1[3]agent_egr_buf,200,0.03323
D0_2_7,A1[4]agent_egr_buf,200,0.00854
D0_2_7,A0[3]agent_igr_bnc_buf,200,0.00632
D0_2_7,A1[2]agent_igr_bnc_buf,200,0.02898
D0_3_0,[0]tgr_egr_crd_buf,200,0.00068
D0_3_0,[3]tgr_egr_bnc_buf,200,0.03267
D0_3_0,[2]tgr_egr_bnc_buf,200,1
D0_3_0,[2]tgr_igr_crd_buf,200,0.03679
D0_3_0,[3]tgr_igr_bnc_buf,200,0.00354
D0_3_0,A0[2]agent_egr_buf,200,0.12245
D0_3_0,A0[3]agent_igr_bnc_buf,200,0.00616
D0_3_0,A1[2]agent_igr_bnc_buf,200,0.063
D0_3_1,[3]tgr_egr_bnc_buf,200,0.01527
D0_3_1,[2]tgr_egr_bnc_buf,200,0.98562
D0_3_1,[2]tgr_igr_crd_buf,200,0.06395
D0_3_1,[3]tgr_igr_bnc_buf,200,0.0059
D0_3_1,A0[2]agent_egr_buf,200,0.31189
D0_3_1,A0[3]agent_igr_bnc_buf,200,0.00608
D0_3_1,A1[2]agent_igr_bnc_buf,200,0.06111
D0_3_2,[0]tgr_egr_crd_buf,200,0.0088
D0_3_2,[3]tgr_egr_bnc_buf,200,0.02013
D0_3_2,[2]tgr_egr_bnc_buf,200,0.9766
D0_3_2,A1[0]agent_igr_crd_buf,200,0.00014
D0_3_2,[2]tgr_igr_crd_buf,200,0.05392
D0_3_2,[3]tgr_igr_bnc_buf,200,0.00236
D0_3_2,A0[2]agent_egr_buf,200,0.29375
D0_3_2,A1[3]agent_egr_buf,200,0.02576
D0_3_2,A1[4]agent_egr_buf,200,0.00854
D0_3_2,A0[3]agent_igr_bnc_buf,200,0.00624
D0_3_2,A1[2]agent_igr_bnc_buf,200,0.01953
D0_3_3,[0]tgr_egr_crd_buf,200,0.05652
D0_3_3,[0]tgr_igr_crd_buf,200,8e-05
D0_3_3,[3]tgr_egr_bnc_buf,200,0.02018
D0_3_3,[2]tgr_egr_bnc_buf,200,0.9784
D0_3_3,[2]tgr_igr_crd_buf,200,0.03313
D0_3_3,[3]tgr_igr_bnc_buf,200,0.0059
D0_3_3,A0[0]agent_egr_buf,200,0.02026
D0_3_3,A0[2]agent_egr_buf,200,0.27
D0_3_3,A0[3]agent_igr_bnc_buf,200,0.00624
D0_3_4,[0]tgr_egr_crd_buf,200,0.01755
D0_3_4,[3]tgr_egr_bnc_buf,200,0.06669
D0_3_4,[2]tgr_egr_bnc_buf,200,0.96638
D0_3_4,[2]tgr_igr_crd_buf,200,0.0261
D0_3_4,[3]tgr_igr_bnc_buf,200,0.00944
D0_3_4,A0[2]agent_egr_buf,200,0.26692
D0_3_4,A0[3]agent_igr_bnc_buf,200,0.00608
D0_3_5,[0]tgr_egr_crd_buf,200,0.01318
D0_3_5,[3]tgr_egr_bnc_buf,200,0.01329
D0_3_5,[2]tgr_egr_bnc_buf,200,0.78171
D0_3_5,A1[0]agent_igr_crd_buf,200,0.00013
D0_3_5,[2]tgr_igr_crd_buf,200,0.01515
D0_3_5,[3]tgr_igr_bnc_buf,200,0.00354
D0_3_5,A0[2]agent_egr_buf,200,0.17183
D0_3_5,A1[3]agent_egr_buf,200,0.00551
D0_3_5,A1[4]agent_egr_buf,200,0.00732
D0_3_5,A0[3]agent_igr_bnc_buf,200,0.00616
D0_3_6,[0]tgr_egr_crd_buf,200,0.00943
D0_3_6,[3]tgr_egr_bnc_buf,200,0.04022
D0_3_6,[2]tgr_egr_bnc_buf,200,0.54804
D0_3_6,[2]tgr_igr_crd_buf,200,0.00426
D0_3_6,[3]tgr_igr_bnc_buf,200,0.00472
D0_3_6,A0[2]agent_egr_buf,200,0.24685
D0_3_6,A0[3]agent_igr_bnc_buf,200,0.006
D0_3_6,A1[2]agent_igr_bnc_buf,200,0.03906
D0_3_7,[0]tgr_egr_crd_buf,200,0.01022
D0_3_7,[0]tgr_igr_crd_buf,200,6e-05
D0_3_7,[3]tgr_egr_bnc_buf,200,0.05731
D0_3_7,[2]tgr_egr_bnc_buf,200,0.03187
D0_3_7,[3]tgr_igr_bnc_buf,200,0.00944
D0_3_7,A0[0]agent_egr_buf,200,0.02026
D0_3_7,A0[2]agent_egr_buf,200,0.14249
D0_3_7,A0[3]agent_igr_bnc_buf,200,0.00592
D0_4_0,[0]tgr_egr_crd_buf,200,0.00133
D0_4_0,[3]tgr_egr_bnc_buf,200,0.01143
D0_4_0,[2]tgr_egr_bnc_buf,200,0.23069
D0_4_0,[2]tgr_igr_crd_buf,200,8e-05
D0_4_0,[3]tgr_igr_bnc_buf,200,0.00413
D0_4_0,A0[2]agent_egr_buf,200,0.11362
D0_4_0,A0[3]agent_igr_bnc_buf,200,0.00648
D0_4_1,[3]tgr_egr_bnc_buf,200,0.06902
D0_4_1,[2]tgr_egr_bnc_buf,200,1
D0_4_1,[2]tgr_igr_crd_buf,200,0.05724
D0_4_1,[3]tgr_igr_bnc_buf,200,0.0059
D0_4_1,A0[2]agent_egr_buf,200,0.31873
D0_4_1,A0[3]agent_igr_bnc_buf,200,0.00632
D0_4_1,A1[2]agent_igr_bnc_buf,200,0.063
D0_4_2,[0]tgr_egr_crd_buf,200,0.00133
D0_4_2,[3]tgr_egr_bnc_buf,200,0.02825
D0_4_2,[2]tgr_egr_bnc_buf,200,0.97466
D0_4_2,[2]tgr_igr_crd_buf,200,0.05023
D0_4_2,[3]tgr_igr_bnc_buf,200,0.00295
D0_4_2,A0[2]agent_egr_buf,200,0.19989
D0_4_2,A0[3]agent_igr_bnc_buf,200,0.00624
D0_4_3,[0]tgr_egr_crd_buf,200,0.05729
D0_4_3,[0]tgr_igr_crd_buf,200,6e-05
D0_4_3,[3]tgr_egr_bnc_buf,200,0.02896
D0_4_3,[2]tgr_egr_bnc_buf,200,0.9331
D0_4_3,[2]tgr_igr_crd_buf,200,0.03957
D0_4_3,[3]tgr_igr_bnc_buf,200,0.00472
D0_4_3,A0[0]agent_egr_buf,200,0.01902
D0_4_3,A0[2]agent_egr_buf,200,0.17302
D0_4_3,A1[3]agent_egr_buf,200,0.02911
D0_4_3,A0[3]agent_igr_bnc_buf,200,0.00632
D0_4_3,A1[2]agent_igr_bnc_buf,200,0.06111
D0_4_4,[0]tgr_egr_crd_buf,200,0.0307
D0_4_4,[3]tgr_egr_bnc_buf,200,0.12669
D0_4_4,[2]tgr_egr_bnc_buf,200,0.96436
D0_4_4,A1[0]agent_igr_crd_buf,200,0.00014
D0_4_4,[2]tgr_igr_crd_buf,200,0.07219
D0_4_4,[3]tgr_igr_bnc_buf,200,0.00944
D0_4_4,A0[2]agent_egr_buf,200,0.208
D0_4_4,A1[3]agent_egr_buf,200,0.12452
D0_4_4,A1[4]agent_egr_buf,200,0.00854
D0_4_4,A0[3]agent_igr_bnc_buf,200,0.0064
D0_4_4,A1[2]agent_igr_bnc_buf,200,0.01953
D0_4_5,[0]tgr_egr_crd_buf,200,0.01946
D0_4_5,[3]tgr_egr_bnc_buf,200,0.0176
D0_4_5,[2]tgr_egr_bnc_buf,200,0.9589
D0_4_5,A1[0]agent_igr_crd_buf,200,0.00014
D0_4_5,[2]tgr_igr_crd_buf,200,0.0684
D0_4_5,[3]tgr_igr_bnc_buf,200,0.00413
D0_4_5,A0[2]agent_egr_buf,200,0.1711
D0_4_5,A1[3]agent_egr_buf,200,0.02328
D0_4_5,A1[4]agent_egr_buf,200,0.00978
D0_4_5,A0[3]agent_igr_bnc_buf,200,0.00632
D0_4_5,A1[2]agent_igr_bnc_buf,200,0.04221
D0_4_6,[0]tgr_egr_crd_buf,200,0.02196
D0_4_6,[3]tgr_egr_bnc_buf,200,0.06349
D0_4_6,[2]tgr_egr_bnc_buf,200,0.88043
D0_4_6,[2]tgr_igr_crd_buf,200,0.00768
D0_4_6,[3]tgr_igr_bnc_buf,200,0.00531
D0_4_6,A0[2]agent_egr_buf,200,0.20673
D0_4_6,A0[3]agent_igr_bnc_buf,200,0.00648
D0_4_6,A1[2]agent_igr_bnc_buf,200,0.05418
D0_4_7,[0]tgr_egr_crd_buf,200,0.01658
D0_4_7,[0]tgr_igr_crd_buf,200,3e-05
D0_4_7,[3]tgr_egr_bnc_buf,200,0.07168
D0_4_7,[2]tgr_egr_bnc_buf,200,0.11185
D0_4_7,A1[0]agent_igr_crd_buf,200,0.00014
D0_4_7,[2]tgr_igr_crd_buf,200,5e-05
D0_4_7,[3]tgr_igr_bnc_buf,200,0.00944
D0_4_7,A0[0]agent_egr_buf,200,0.01902
D0_4_7,A0[2]agent_egr_buf,200,0.13925
D0_4_7,A1[3]agent_egr_buf,200,0.04698
D0_4_7,A1[4]agent_egr_buf,200,0.00854
D0_4_7,A0[3]agent_igr_bnc_buf,200,0.00632
D0_4_7,A1[2]agent_igr_bnc_buf,200,0.04536
D0_5_0,[0]tgr_egr_crd_buf,200,0.0013
D0_5_0,[3]tgr_egr_bnc_buf,200,0.03521
D0_5_0,[2]tgr_egr_bnc_buf,200,0.28643
D0_5_0,A1[0]agent_igr_crd_buf,200,2e-05
D0_5_0,[2]tgr_igr_crd_buf,200,0.00038
D0_5_0,[3]tgr_igr_bnc_buf,200,0.00472
D0_5_0,A0[2]agent_egr_buf,200,0.12546
D0_5_0,A1[3]agent_egr_buf,200,0.00122
D0_5_0,A1[4]agent_egr_buf,200,0.00122
D0_5_0,A0[3]agent_igr_bnc_buf,200,0.0064
D0_5_1,[3]tgr_egr_bnc_buf,200,0.11462
D0_5_1,[2]tgr_egr_bnc_buf,200,0.93996
D0_5_1,[2]tgr_igr_crd_buf,200,0.03307
D0_5_1,[3]tgr_igr_bnc_buf,200,0.00531
D0_5_1,A0[2]agent_egr_buf,200,0.18115
D0_5_1,A1[3]agent_egr_buf,200,0.01416
D0_5_1,A0[3]agent_igr_bnc_buf,200,0.00632
D0_5_1,A1[2]agent_igr_bnc_buf,200,0.06993
D0_5_2,[0]tgr_egr_crd_buf,200,0.00251
D0_5_2,[3]tgr_egr_bnc_buf,200,0.01386
D0_5_2,[2]tgr_egr_bnc_buf,200,0.9946
D0_5_2,[2]tgr_igr_crd_buf,200,0.09513
D0_5_2,[3]tgr_igr_bnc_buf,200,0.00236
D0_5_2,A0[2]agent_egr_buf,200,0.19675
D0_5_2,A0[3]agent_igr_bnc_buf,200,0.00624
D0_5_3,[0]tgr_egr_crd_buf,200,0.05903
D0_5_3,[3]tgr_egr_bnc_buf,200,0.01649
D0_5_3,[2]tgr_egr_bnc_buf,200,0.9628
D0_5_3,A1[0]agent_igr_crd_buf,200,0.0001
D0_5_3,[2]tgr_igr_crd_buf,200,0.06727
D0_5_3,[3]tgr_igr_bnc_buf,200,0.00413
D0_5_3,A0[0]agent_egr_buf,200,0.02088
D0_5_3,A0[2]agent_egr_buf,200,0.15619
D0_5_3,A1[3]agent_egr_buf,200,0.04829
D0_5_3,A1[4]agent_egr_buf,200,0.00671
D0_5_3,A0[3]agent_igr_bnc_buf,200,0.00624
D0_5_3,A1[2]agent_igr_bnc_buf,200,0.05103
D0_5_4,[0]tgr_egr_crd_buf,200,0.01005
D0_5_4,[3]tgr_egr_bnc_buf,200,0.09669
D0_5_4,[2]tgr_egr_bnc_buf,200,0.97232
D0_5_4,[2]tgr_igr_crd_buf,200,0.08156
D0_5_4,[3]tgr_igr_bnc_buf,200,0.00944
D0_5_4,A0[2]agent_egr_buf,200,0.14618
D0_5_4,A0[3]agent_igr_bnc_buf,200,0.00616
D0_5_4,A1[2]agent_igr_bnc_buf,200,0.05796
D0_5_5,[0]tgr_egr_crd_buf,200,0.01318
D0_5_5,[3]tgr_egr_bnc_buf,200,0.00886
D0_5_5,[2]tgr_egr_bnc_buf,200,0.9658
D0_5_5,[2]tgr_igr_crd_buf,200,0.0463
D0_5_5,[3]tgr_igr_bnc_buf,200,0.00295
D0_5_5,A0[2]agent_egr_buf,200,0.14614
D0_5_5,A0[3]agent_igr_bnc_buf,200,0.00632
D0_5_5,A1[2]agent_igr_bnc_buf,200,0.07182
D0_5_6,[0]tgr_egr_crd_buf,200,0.01443
D0_5_6,[3]tgr_egr_bnc_buf,200,0.05912
D0_5_6,[2]tgr_egr_bnc_buf,200,0.95262
D0_5_6,[2]tgr_igr_crd_buf,200,0.0602
D0_5_6,[3]tgr_igr_bnc_buf,200,0.0059
D0_5_6,A0[2]agent_egr_buf,200,0.17361
D0_5_6,A0[3]agent_igr_bnc_buf,200,0.00624
D0_5_7,[0]tgr_egr_crd_buf,200,0.01022
D0_5_7,[3]tgr_egr_bnc_buf,200,0.08793
D0_5_7,[2]tgr_egr_bnc_buf,200,0.26769
D0_5_7,A1[0]agent_igr_crd_buf,200,0.00014
D0_5_7,[2]tgr_igr_crd_buf,200,0.00018
D0_5_7,[3]tgr_igr_bnc_buf,200,0.00944
D0_5_7,A0[0]agent_egr_buf,200,0.02088
D0_5_7,A0[2]agent_egr_buf,200,0.12738
D0_5_7,A1[3]agent_egr_buf,200,0.04822
D0_5_7,A1[4]agent_egr_buf,200,0.00854
D0_5_7,A0[3]agent_igr_bnc_buf,200,0.00624
D0_5_7,A1[2]agent_igr_bnc_buf,200,0.03276
D0_6_0,[0]tgr_egr_crd_buf,200,0.00068
D0_6_0,[3]tgr_egr_bnc_buf,200,0.02271
D0_6_0,[2]tgr_egr_bnc_buf,200,0.0235
D0_6_0,[2]tgr_igr_crd_buf,200,2e-05
D0_6_0,[3]tgr_igr_bnc_buf,200,0.00472
D0_6_0,A0[3]agent_igr_bnc_buf,200,0.05166
D0_6_1,[3]tgr_egr_bnc_buf,200,0.04896
D0_6_1,[2]tgr_egr_bnc_buf,200,0.54961
D0_6_1,A1[0]agent_igr_crd_buf,200,0.00014
D0_6_1,[2]tgr_igr_crd_buf,200,0.00998
D0_6_1,[3]tgr_igr_bnc_buf,200,0.00472
D0_6_1,A0[2]agent_egr_buf,200,0.12114
D0_6_1,A1[3]agent_egr_buf,200,0.01957
D0_6_1,A1[4]agent_egr_buf,200,0.00854
D0_6_1,A0[3]agent_igr_bnc_buf,200,0.0064
D0_6_1,A1[2]agent_igr_bnc_buf,200,0.0504
D0_6_2,[0]tgr_egr_crd_buf,200,0.00756
D0_6_2,[3]tgr_egr_bnc_buf,200,0.03888
D0_6_2,[2]tgr_egr_bnc_buf,200,0.62774
D0_6_2,[2]tgr_igr_crd_buf,200,0.01022
D0_6_2,[3]tgr_igr_bnc_buf,200,0.00295
D0_6_2,A0[2]agent_egr_buf,200,0.12179
D0_6_2,A0[3]agent_igr_bnc_buf,200,0.00632
D0_6_3,[0]tgr_egr_crd_buf,200,0.06153
D0_6_3,[3]tgr_egr_bnc_buf,200,0.02594
D0_6_3,[2]tgr_egr_bnc_buf,200,0.61016
D0_6_3,[2]tgr_igr_crd_buf,200,0.00982
D0_6_3,[3]tgr_igr_bnc_buf,200,0.00649
D0_6_3,A0[2]agent_egr_buf,200,0.13681
D0_6_3,A0[3]agent_igr_bnc_buf,200,0.00632
D0_6_4,[0]tgr_egr_crd_buf,200,0.00068
D0_6_4,[3]tgr_egr_bnc_buf,200,0.18037
D0_6_4,[2]tgr_egr_bnc_buf,200,0.66142
D0_6_4,A1[0]agent_igr_crd_buf,200,0.00014
D0_6_4,[2]tgr_igr_crd_buf,200,0.01317
D0_6_4,[3]tgr_igr_bnc_buf,200,0.00944
D0_6_4,A0[2]agent_egr_buf,200,0.12989
D0_6_4,A1[3]agent_egr_buf,200,0.37196
D0_6_4,A1[4]agent_egr_buf,200,0.00854
D0_6_4,A0[3]agent_igr_bnc_buf,200,0.00656
D0_6_4,A1[2]agent_igr_bnc_buf,200,0.06804
D0_6_5,[0]tgr_egr_crd_buf,200,0.00943
D0_6_5,[3]tgr_egr_bnc_buf,200,0.04823
D0_6_5,[2]tgr_egr_bnc_buf,200,0.56471
D0_6_5,[2]tgr_igr_crd_buf,200,0.00819
D0_6_5,[3]tgr_igr_bnc_buf,200,0.00236
D0_6_5,A0[2]agent_egr_buf,200,0.12866
D0_6_5,A0[3]agent_igr_bnc_buf,200,0.0064
D0_6_6,[0]tgr_egr_crd_buf,200,0.00693
D0_6_6,[3]tgr_egr_bnc_buf,200,0.0497
D0_6_6,[2]tgr_egr_bnc_buf,200,0.45441
D0_6_6,[2]tgr_igr_crd_buf,200,0.00189
D0_6_6,[3]tgr_igr_bnc_buf,200,0.00708
D0_6_6,A0[2]agent_egr_buf,200,0.13927
D0_6_6,A0[3]agent_igr_bnc_buf,200,0.00648
D0_6_7,[0]tgr_egr_crd_buf,200,0.01022
D0_6_7,[3]tgr_egr_bnc_buf,200,0.0698
D0_6_7,[2]tgr_egr_bnc_buf,200,0.03474
D0_6_7,[3]tgr_igr_bnc_buf,200,0.00944
D0_6_7,A0[3]agent_igr_bnc_buf,200,0.05103
D0_7_0,[0]tgr_egr_crd_buf,200,0.00136
D0_7_0,[3]tgr_egr_bnc_buf,200,0.00386
D0_7_0,[2]tgr_egr_bnc_buf,200,0.06705
D0_7_0,A1[0]agent_igr_crd_buf,200,0.00014
D0_7_0,[3]tgr_igr_bnc_buf,200,0.00295
D0_7_0,A0[0]agent_egr_buf,200,0.02088
D0_7_0,A0[2]agent_egr_buf,200,0.04619
D0_7_0,A1[3]agent_egr_buf,200,0.02767
D0_7_0,A1[4]agent_egr_buf,200,0.00854
D0_7_0,A0[3]agent_igr_bnc_buf,200,0.0032
D0_7_0,A1[2]agent_igr_bnc_buf,200,0.00504
D0_7_1,[3]tgr_egr_bnc_buf,200,0.02386
D0_7_1,[2]tgr_egr_bnc_buf,200,0.44959
D0_7_1,[2]tgr_igr_crd_buf,200,0.00345
D0_7_1,[3]tgr_igr_bnc_buf,200,0.00236
D0_7_1,A0[2]agent_egr_buf,200,0.04183
D0_7_1,A0[3]agent_igr_bnc_buf,200,0.0032
D0_7_2,[0]tgr_egr_crd_buf,200,0.01261
D0_7_2,[3]tgr_egr_bnc_buf,200,0.00318
D0_7_2,[2]tgr_egr_bnc_buf,200,0.52883
D0_7_2,[2]tgr_igr_crd_buf,200,0.01037
D0_7_2,[3]tgr_igr_bnc_buf,200,0.00118
D0_7_2,A0[2]agent_egr_buf,200,0.0443
D0_7_2,A0[3]agent_igr_bnc_buf,200,0.0032
D0_7_3,[0]tgr_egr_crd_buf,200,0.0818
D0_7_3,[3]tgr_egr_bnc_buf,200,0.00579
D0_7_3,[2]tgr_egr_bnc_buf,200,0.57674
D0_7_3,[2]tgr_igr_crd_buf,200,0.01099
D0_7_3,[3]tgr_igr_bnc_buf,200,0.00295
D0_7_3,A0[3]agent_igr_bnc_buf,200,0.02583
D0_7_4,[0]tgr_egr_crd_buf,200,0.00074
D0_7_4,[3]tgr_egr_bnc_buf,200,0.02022
D0_7_4,[2]tgr_egr_bnc_buf,200,0.53016
D0_7_4,A1[0]agent_igr_crd_buf,200,0.00014
D0_7_4,[2]tgr_igr_crd_buf,200,0.00982
D0_7_4,[3]tgr_igr_bnc_buf,200,0.00472
D0_7_4,A0[0]agent_egr_buf,200,0.02088
D0_7_4,A0[2]agent_egr_buf,200,0.04933
D0_7_4,A1[3]agent_egr_buf,200,0.06444
D0_7_4,A1[4]agent_egr_buf,200,0.00854
D0_7_4,A0[3]agent_igr_bnc_buf,200,0.0032
D0_7_4,A1[2]agent_igr_bnc_buf,200,0.07686
D0_7_5,[0]tgr_egr_crd_buf,200,0.02574
D0_7_5,[3]tgr_egr_bnc_buf,200,6e-05
D0_7_5,[2]tgr_egr_bnc_buf,200,0.48837
D0_7_5,[2]tgr_igr_crd_buf,200,0.0093
D0_7_5,[3]tgr_igr_bnc_buf,200,0.00118
D0_7_5,A0[3]agent_igr_bnc_buf,200,0.0252
D0_7_6,[0]tgr_egr_crd_buf,200,0.02262
D0_7_6,[3]tgr_egr_bnc_buf,200,0.00766
D0_7_6,[2]tgr_egr_bnc_buf,200,0.49522
D0_7_6,A1[0]agent_igr_crd_buf,200,0.00014
D0_7_6,[2]tgr_igr_crd_buf,200,0.00468
D0_7_6,[3]tgr_igr_bnc_buf,200,0.00354
D0_7_6,A0[2]agent_egr_buf,200,0.04493
D0_7_6,A1[3]agent_egr_buf,200,0.01708
D0_7_6,A1[4]agent_egr_buf,200,0.00854
D0_7_6,A0[3]agent_igr_bnc_buf,200,0.0032
D0_7_6,A1[2]agent_igr_bnc_buf,200,0.01701
D0_7_7,[0]tgr_egr_crd_buf,200,0.02544
D0_7_7,[3]tgr_egr_bnc_buf,200,0.00273
D0_7_7,[2]tgr_egr_bnc_buf,200,0.05755
D0_7_7,A1[0]agent_igr_crd_buf,200,0.00014
D0_7_7,[3]tgr_igr_bnc_buf,200,0.00472
D0_7_7,A0[2]agent_egr_buf,200,0.04241
D0_7_7,A1[3]agent_egr_buf,200,0.06694
D0_7_7,A1[4]agent_egr_buf,200,0.00854
D0_7_7,A0[3]agent_igr_bnc_buf,200,0.0032
D0_7_7,A1[2]agent_igr_bnc_buf,200,0.0252
D0_0_0,[0]tgr_egr_crd_buf,300,0.00065
D0_0_0,[3]tgr_egr_bnc_buf,300,0.00012
D0_0_0,[2]tgr_egr_bnc_buf,300,0.02647
D0_0_0,[3]tgr_igr_bnc_buf,300,0.00177
D0_0_0,A0[3]agent_igr_bnc_buf,300,0.02331
D0_0_1,[3]tgr_egr_bnc_buf,300,0.01015
D0_0_1,[2]tgr_egr_bnc_buf,300,0.9526
D0_0_1,A1[0]agent_igr_crd_buf,300,0.00014
D0_0_1,[2]tgr_igr_crd_buf,300,0.00709
D0_0_1,[3]tgr_igr_bnc_buf,300,0.00354
D0_0_1,A0[2]agent_egr_buf,300,0.03811
D0_0_1,A1[3]agent_egr_buf,300,0.04695
D0_0_1,A1[4]agent_egr_buf,300,0.00854
D0_0_1,A0[3]agent_igr_bnc_buf,300,0.00296
D0_0_1,A1[2]agent_igr_bnc_buf,300,0.05859
D0_0_2,[0]tgr_egr_crd_buf,300,3e-05
D0_0_2,[3]tgr_egr_bnc_buf,300,0.00524
D0_0_2,[2]tgr_egr_bnc_buf,300,0.96278
D0_0_2,[2]tgr_igr_crd_buf,300,0.0277
D0_0_2,[3]tgr_igr_bnc_buf,300,0.00472
D0_0_2,A0[0]agent_egr_buf,300,0.01779
D0_0_2,A0[2]agent_egr_buf,300,0.03187
D0_0_2,A0[3]agent_igr_bnc_buf,300,0.00304
D0_0_3,[0]tgr_egr_crd_buf,300,0.05201
D0_0_3,[3]tgr_egr_bnc_buf,300,0.01394
D0_0_3,[2]tgr_egr_bnc_buf,300,0.95305
D0_0_3,[2]tgr_igr_crd_buf,300,0.03447
D0_0_3,[3]tgr_igr_bnc_buf,300,0.00413
D0_0_3,A0[2]agent_egr_buf,300,0.03809
D0_0_3,A1[3]agent_egr_buf,300,0.00061
D0_0_3,A0[3]agent_igr_bnc_buf,300,0.00304
D0_0_3,A1[2]agent_igr_bnc_buf,300,0.09072
D0_0_4,[0]tgr_egr_crd_buf,300,0.00378
D0_0_4,[3]tgr_egr_bnc_buf,300,0.00068
D0_0_4,[2]tgr_egr_bnc_buf,300,0.99938
D0_0_4,[2]tgr_igr_crd_buf,300,0.03448
D0_0_4,[3]tgr_igr_bnc_buf,300,0.00118
D0_0_4,A0[2]agent_egr_buf,300,0.03189
D0_0_4,A0[3]agent_igr_bnc_buf,300,0.00296
D0_0_4,A1[2]agent_igr_bnc_buf,300,0.00504
D0_0_5,[0]tgr_egr_crd_buf,300,0.00065
D0_0_5,[3]tgr_egr_bnc_buf,300,0.00772
D0_0_5,[2]tgr_egr_bnc_buf,300,0.9742
D0_0_5,[2]tgr_igr_crd_buf,300,0.03824
D0_0_5,[3]tgr_igr_bnc_buf,300,0.00472
D0_0_5,A0[0]agent_egr_buf,300,0.01779
D0_0_5,A0[3]agent_igr_bnc_buf,300,0.02331
D0_0_6,[0]tgr_egr_crd_buf,300,3e-05
D0_0_6,[3]tgr_egr_bnc_buf,300,0.00255
D0_0_6,[2]tgr_egr_bnc_buf,300,0.70309
D0_0_6,[2]tgr_igr_crd_buf,300,0.0066
D0_0_6,[3]tgr_igr_bnc_buf,300,0.00118
D0_0_6,A0[2]agent_egr_buf,300,0.03252
D0_0_6,A0[3]agent_igr_bnc_buf,300,0.00296
D0_0_6,A1[2]agent_igr_bnc_buf,300,0.04788
D0_0_7,[0]tgr_egr_crd_buf,300,0.00386
D0_0_7,[3]tgr_egr_bnc_buf,300,0.00128
D0_0_7,[2]tgr_egr_bnc_buf,300,0.04522
D0_0_7,[3]tgr_igr_bnc_buf,300,0.00059
D0_0_7,A0[3]agent_igr_bnc_buf,300,0.02331
D0_1_0,[0]tgr_egr_crd_buf,300,0.00133
D0_1_0,[3]tgr_egr_bnc_buf,300,0.02084
D0_1_0,[2]tgr_egr_bnc_buf,300,0.03374
D0_1_0,[3]tgr_igr_bnc_buf,300,0.00413
D0_1_0,A0[3]agent_igr_bnc_buf,300,0.04914
D0_1_1,[3]tgr_egr_bnc_buf,300,0.03534
D0_1_1,[2]tgr_egr_bnc_buf,300,0.88696
D0_1_1,A1[0]agent_igr_crd_buf,300,0.00014
D0_1_1,[2]tgr_igr_crd_buf,300,0.00632
D0_1_1,[3]tgr_igr_bnc_buf,300,0.00708
D0_1_1,A0[2]agent_egr_buf,300,0.09247
D0_1_1,A1[3]agent_egr_buf,300,0.0208
D0_1_1,A1[4]agent_egr_buf,300,0.00854
D0_1_1,A0[3]agent_igr_bnc_buf,300,0.00624
D0_1_1,A1[2]agent_igr_bnc_buf,300,0.04284
D0_1_2,[0]tgr_egr_crd_buf,300,0.03133
D0_1_2,[3]tgr_egr_bnc_buf,300,0.04351
D0_1_2,[2]tgr_egr_bnc_buf,300,0.9556
D0_1_2,A1[0]agent_igr_crd_buf,300,0.00014
D0_1_2,[2]tgr_igr_crd_buf,300,0.03446
D0_1_2,[3]tgr_igr_bnc_buf,300,0.01003
D0_1_2,A0[2]agent_egr_buf,300,0.09114
D0_1_2,A1[3]agent_egr_buf,300,0.05075
D0_1_2,A1[4]agent_egr_buf,300,0.00854
D0_1_2,A0[3]agent_igr_bnc_buf,300,0.00632
D0_1_2,A1[2]agent_igr_bnc_buf,300,0.01134
D0_1_3,[0]tgr_egr_crd_buf,300,0.09416
D0_1_3,[0]tgr_igr_crd_buf,300,0.00012
D0_1_3,[3]tgr_egr_bnc_buf,300,0.19345
D0_1_3,[2]tgr_egr_bnc_buf,300,0.97417
D0_1_3,[2]tgr_igr_crd_buf,300,0.06213
D0_1_3,[3]tgr_igr_bnc_buf,300,0.00826
D0_1_3,A0[0]agent_egr_buf,300,0.01841
D0_1_3,A0[2]agent_egr_buf,300,0.10865
D0_1_3,A1[3]agent_egr_buf,300,0.15539
D0_1_3,A0[3]agent_igr_bnc_buf,300,0.00632
D0_1_3,A1[2]agent_igr_bnc_buf,300,0.07623
D0_1_4,[0]tgr_egr_crd_buf,300,0.01883
D0_1_4,[3]tgr_egr_bnc_buf,300,0.04828
D0_1_4,[2]tgr_egr_bnc_buf,300,0.9844
D0_1_4,[2]tgr_igr_crd_buf,300,0.03818
D0_1_4,[3]tgr_igr_bnc_buf,300,0.00236
D0_1_4,A0[2]agent_egr_buf,300,0.09248
D0_1_4,A0[3]agent_igr_bnc_buf,300,0.006
D0_1_4,A1[2]agent_igr_bnc_buf,300,0.0756
D0_1_5,[0]tgr_egr_crd_buf,300,0.01758
D0_1_5,[3]tgr_egr_bnc_buf,300,0.07094
D0_1_5,[2]tgr_egr_bnc_buf,300,0.9784
D0_1_5,A1[0]agent_igr_crd_buf,300,0.00014
D0_1_5,[2]tgr_igr_crd_buf,300,0.03277
D0_1_5,[3]tgr_igr_bnc_buf,300,0.00885
D0_1_5,A0[2]agent_egr_buf,300,0.07996
D0_1_5,A1[3]agent_egr_buf,300,0.01347
D0_1_5,A1[4]agent_egr_buf,300,0.00854
D0_1_5,A0[3]agent_igr_bnc_buf,300,0.00616
D0_1_6,[0]tgr_egr_crd_buf,300,0.01258
D0_1_6,[3]tgr_egr_bnc_buf,300,0.03525
D0_1_6,[2]tgr_egr_bnc_buf,300,0.92661
D0_1_6,[2]tgr_igr_crd_buf,300,0.00656
D0_1_6,[3]tgr_igr_bnc_buf,300,0.00236
D0_1_6,A0[0]agent_egr_buf,300,0.01841
D0_1_6,A0[2]agent_egr_buf,300,0.09372
D0_1_6,A0[3]agent_igr_bnc_buf,300,0.00608
D0_1_6,A1[2]agent_igr_bnc_buf,300,0.03528
D0_1_7,[0]tgr_egr_crd_buf,300,0.01533
D0_1_7,[3]tgr_egr_bnc_buf,300,0.01204
D0_1_7,[2]tgr_egr_bnc_buf,300,0.03762
D0_1_7,[3]tgr_igr_bnc_buf,300,0.00177
D0_1_7,A0[3]agent_igr_bnc_buf,300,0.04788
D0_2_0,[0]tgr_egr_crd_buf,300,0.0013
D0_2_0,[3]tgr_egr_bnc_buf,300,0.01025
D0_2_0,[2]tgr_egr_bnc_buf,300,0.06157
D0_2_0,[2]tgr_igr_crd_buf,300,1e-05
D0_2_0,[3]tgr_igr_bnc_buf,300,0.00413
D0_2_0,A0[2]agent_egr_buf,300,0.08001
D0_2_0,A0[3]agent_igr_bnc_buf,300,0.00592
D0_2_0,A1[2]agent_igr_bnc_buf,300,0.01575
D0_2_1,[3]tgr_egr_bnc_buf,300,0.00596
D0_2_1,[2]tgr_egr_bnc_buf,300,0.9718
D0_2_1,[2]tgr_igr_crd_buf,300,0.08063
D0_2_1,[3]tgr_igr_bnc_buf,300,0.00708
D0_2_1,A0[2]agent_egr_buf,300,0.16374
D0_2_1,A0[3]agent_igr_bnc_buf,300,0.00592
D0_2_1,A1[2]agent_igr_bnc_buf,300,0.06174
D0_2_2,[0]tgr_egr_crd_buf,300,0.0013
D0_2_2,[3]tgr_egr_bnc_buf,300,0.02359
D0_2_2,[2]tgr_egr_bnc_buf,300,0.9652
D0_2_2,[2]tgr_igr_crd_buf,300,0.10234
D0_2_2,[3]tgr_igr_bnc_buf,300,0.01062
D0_2_2,A0[2]agent_egr_buf,300,0.15433
D0_2_2,A0[3]agent_igr_bnc_buf,300,0.00592
D0_2_2,A1[2]agent_igr_bnc_buf,300,0.04536
D0_2_3,[0]tgr_egr_crd_buf,300,0.04465
D0_2_3,[3]tgr_egr_bnc_buf,300,0.08914
D0_2_3,[2]tgr_egr_bnc_buf,300,0.9532
D0_2_3,A1[0]agent_igr_crd_buf,300,0.00014
D0_2_3,[2]tgr_igr_crd_buf,300,0.12747
D0_2_3,[3]tgr_igr_bnc_buf,300,0.00885
D0_2_3,A0[0]agent_egr_buf,300,0.01655
D0_2_3,A0[2]agent_egr_buf,300,0.15686
D0_2_3,A1[3]agent_egr_buf,300,0.06206
D0_2_3,A1[4]agent_egr_buf,300,0.00854
D0_2_3,A0[3]agent_igr_bnc_buf,300,0.00624
D0_2_3,A1[2]agent_igr_bnc_buf,300,0.02268
D0_2_4,[0]tgr_egr_crd_buf,300,0.01193
D0_2_4,[3]tgr_egr_bnc_buf,300,0.01386
D0_2_4,[2]tgr_egr_bnc_buf,300,0.9712
D0_2_4,[2]tgr_igr_crd_buf,300,0.07112
D0_2_4,[3]tgr_igr_bnc_buf,300,0.00236
D0_2_4,A0[2]agent_egr_buf,300,0.17445
D0_2_4,A0[3]agent_igr_bnc_buf,300,0.006
D0_2_4,A1[2]agent_igr_bnc_buf,300,0.03402
D0_2_5,[0]tgr_egr_crd_buf,300,0.0138
D0_2_5,[3]tgr_egr_bnc_buf,300,0.08531
D0_2_5,[2]tgr_egr_bnc_buf,300,0.94298
D0_2_5,A1[0]agent_igr_crd_buf,300,0.00014
D0_2_5,[2]tgr_igr_crd_buf,300,0.07121
D0_2_5,[3]tgr_igr_bnc_buf,300,0.00885
D0_2_5,A0[2]agent_egr_buf,300,0.10485
D0_2_5,A1[3]agent_egr_buf,300,0.02577
D0_2_5,A1[4]agent_egr_buf,300,0.00854
D0_2_5,A0[3]agent_igr_bnc_buf,300,0.00632
D0_2_5,A1[2]agent_igr_bnc_buf,300,0.02268
D0_2_6,[0]tgr_egr_crd_buf,300,0.0113
D0_2_6,[3]tgr_egr_bnc_buf,300,0.00578
D0_2_6,[2]tgr_egr_bnc_buf,300,0.96086
D0_2_6,[2]tgr_igr_crd_buf,300,0.06667
D0_2_6,[3]tgr_igr_bnc_buf,300,0.00236
D0_2_6,A0[2]agent_egr_buf,300,0.18559
D0_2_6,A0[3]agent_igr_bnc_buf,300,0.00608
D0_2_6,A1[2]agent_igr_bnc_buf,300,0.02268
D0_2_7,[0]tgr_egr_crd_buf,300,0.00646
D0_2_7,[3]tgr_egr_bnc_buf,300,0.01689
D0_2_7,[2]tgr_egr_bnc_buf,300,0.06657
D0_2_7,[2]tgr_igr_crd_buf,300,1e-05
D0_2_7,[3]tgr_igr_bnc_buf,300,0.00236
D0_2_7,A0[0]agent_egr_buf,300,0.01655
D0_2_7,A0[2]agent_egr_buf,300,0.09059
D0_2_7,A0[3]agent_igr_bnc_buf,300,0.00608
D0_2_7,A1[2]agent_igr_bnc_buf,300,0.063
D0_3_0,[0]tgr_egr_crd_buf,300,0.00133
D0_3_0,[3]tgr_egr_bnc_buf,300,0.01145
D0_3_0,[2]tgr_egr_bnc_buf,300,0.93266
D0_3_0,[2]tgr_igr_crd_buf,300,0.03054
D0_3_0,[3]tgr_igr_bnc_buf,300,0.00472
D0_3_0,A0[2]agent_egr_buf,300,0.13064
D0_3_0,A0[3]agent_igr_bnc_buf,300,0.00584
D0_3_0,A1[2]agent_igr_bnc_buf,300,0.02016
D0_3_1,[3]tgr_egr_bnc_buf,300,0.02907
D0_3_1,[2]tgr_egr_bnc_buf,300,0.95484
D0_3_1,[2]tgr_igr_crd_buf,300,0.07163
D0_3_1,[3]tgr_igr_bnc_buf,300,0.00708
D0_3_1,A0[2]agent_egr_buf,300,0.32875
D0_3_1,A0[3]agent_igr_bnc_buf,300,0.00584
D0_3_1,A1[2]agent_igr_bnc_buf,300,0.05544
D0_3_2,[0]tgr_egr_crd_buf,300,0.00133
D0_3_2,[3]tgr_egr_bnc_buf,300,0.02799
D0_3_2,[2]tgr_egr_bnc_buf,300,0.9784
D0_3_2,[2]tgr_igr_crd_buf,300,0.0658
D0_3_2,[3]tgr_igr_bnc_buf,300,0.01121
D0_3_2,A0[2]agent_egr_buf,300,0.27623
D0_3_2,A0[3]agent_igr_bnc_buf,300,0.00584
D0_3_2,A1[2]agent_igr_bnc_buf,300,0.08631
D0_3_3,[0]tgr_egr_crd_buf,300,0.06355
D0_3_3,[0]tgr_igr_crd_buf,300,0.00012
D0_3_3,[3]tgr_egr_bnc_buf,300,0.09802
D0_3_3,[2]tgr_egr_bnc_buf,300,0.96324
D0_3_3,A1[0]agent_igr_crd_buf,300,0.00014
D0_3_3,[2]tgr_igr_crd_buf,300,0.05023
D0_3_3,[3]tgr_igr_bnc_buf,300,0.00944
D0_3_3,A0[0]agent_egr_buf,300,0.02279
D0_3_3,A0[2]agent_egr_buf,300,0.25068
D0_3_3,A1[3]agent_egr_buf,300,0.07201
D0_3_3,A1[4]agent_egr_buf,300,0.00854
D0_3_3,A0[3]agent_igr_bnc_buf,300,0.006
D0_3_3,A1[2]agent_igr_bnc_buf,300,0.01638
D0_3_4,[0]tgr_egr_crd_buf,300,0.02133
D0_3_4,[3]tgr_egr_bnc_buf,300,0.03386
D0_3_4,[2]tgr_egr_bnc_buf,300,0.97472
D0_3_4,A1[0]agent_igr_crd_buf,300,0.00014
D0_3_4,[2]tgr_igr_crd_buf,300,0.04488
D0_3_4,[3]tgr_igr_bnc_buf,300,0.00236
D0_3_4,A0[2]agent_egr_buf,300,0.23123
D0_3_4,A1[3]agent_egr_buf,300,0.02576
D0_3_4,A1[4]agent_egr_buf,300,0.00854
D0_3_4,A0[3]agent_igr_bnc_buf,300,0.00616
D0_3_4,A1[2]agent_igr_bnc_buf,300,0.04977
D0_3_5,[0]tgr_egr_crd_buf,300,0.02321
D0_3_5,[3]tgr_egr_bnc_buf,300,0.10524
D0_3_5,[2]tgr_egr_bnc_buf,300,0.96162
D0_3_5,A1[0]agent_igr_crd_buf,300,1e-05
D0_3_5,[2]tgr_igr_crd_buf,300,0.02555
D0_3_5,[3]tgr_igr_bnc_buf,300,0.00826
D0_3_5,A0[2]agent_egr_buf,300,0.20432
D0_3_5,A1[3]agent_egr_buf,300,0.02025
D0_3_5,A1[4]agent_egr_buf,300,0.00122
D0_3_5,A0[3]agent_igr_bnc_buf,300,0.006
D0_3_5,A1[2]agent_igr_bnc_buf,300,0.07056
D0_3_6,[0]tgr_egr_crd_buf,300,0.01071
D0_3_6,[3]tgr_egr_bnc_buf,300,0.01386
D0_3_6,[2]tgr_egr_bnc_buf,300,0.91971
D0_3_6,[2]tgr_igr_crd_buf,300,0.00622
D0_3_6,[3]tgr_igr_bnc_buf,300,0.00236
D0_3_6,A0[2]agent_egr_buf,300,0.3443
D0_3_6,A0[3]agent_igr_bnc_buf,300,0.00616
D0_3_6,A1[2]agent_igr_bnc_buf,300,0.01071
D0_3_7,[0]tgr_egr_crd_buf,300,0.01408
D0_3_7,[0]tgr_igr_crd_buf,300,9e-05
D0_3_7,[3]tgr_egr_bnc_buf,300,0.05935
D0_3_7,[2]tgr_egr_bnc_buf,300,0.10587
D0_3_7,A1[0]agent_igr_crd_buf,300,0.00014
D0_3_7,[2]tgr_igr_crd_buf,300,0.00018
D0_3_7,[3]tgr_igr_bnc_buf,300,0.00236
D0_3_7,A0[0]agent_egr_buf,300,0.02154
D0_3_7,A0[2]agent_egr_buf,300,0.11241
D0_3_7,A1[3]agent_egr_buf,300,0.02514
D0_3_7,A1[4]agent_egr_buf,300,0.00854
D0_3_7,A0[3]agent_igr_bnc_buf,300,0.0064
D0_3_7,A1[2]agent_igr_bnc_buf,300,0.01071
D0_4_0,[0]tgr_egr_crd_buf,300,0.00068
D0_4_0,[3]tgr_egr_bnc_buf,300,0.00396
D0_4_0,[2]tgr_egr_bnc_buf,300,0.00344
D0_4_0,A1[0]agent_igr_crd_buf,300,0.00011
D0_4_0,[3]tgr_igr_bnc_buf,300,0.00413
D0_4_0,A0[2]agent_egr_buf,300,0.10938
D0_4_0,A1[3]agent_egr_buf,300,0.00981
D0_4_0,A1[4]agent_egr_buf,300,0.00671
D0_4_0,A0[3]agent_igr_bnc_buf,300,0.00592
D0_4_0,A1[2]agent_igr_bnc_buf,300,0.00189
D0_4_1,[3]tgr_egr_bnc_buf,300,0.0222
D0_4_1,[2]tgr_egr_bnc_buf,300,0.9388
D0_4_1,[2]tgr_igr_crd_buf,300,0.0704
D0_4_1,[3]tgr_igr_bnc_buf,300,0.00708
D0_4_1,A0[2]agent_egr_buf,300,0.44006
D0_4_1,A0[3]agent_igr_bnc_buf,300,0.00592
D0_4_1,A1[2]agent_igr_bnc_buf,300,0.02079
D0_4_2,[0]tgr_egr_crd_buf,300,0.02255
D0_4_2,[3]tgr_egr_bnc_buf,300,0.02744
D0_4_2,[2]tgr_egr_bnc_buf,300,0.98678
D0_4_2,A1[0]agent_igr_crd_buf,300,0.00014
D0_4_2,[2]tgr_igr_crd_buf,300,0.08261
D0_4_2,[3]tgr_igr_bnc_buf,300,0.0118
D0_4_2,A0[2]agent_egr_buf,300,0.50197
D0_4_2,A1[3]agent_egr_buf,300,0.08151
D0_4_2,A1[4]agent_egr_buf,300,0.00854
D0_4_2,A0[3]agent_igr_bnc_buf,300,0.00608
D0_4_2,A1[2]agent_igr_bnc_buf,300,0.01323
D0_4_3,[0]tgr_egr_crd_buf,300,0.10153
D0_4_3,[0]tgr_igr_crd_buf,300,4e-05
D0_4_3,[3]tgr_egr_bnc_buf,300,0.16788
D0_4_3,[2]tgr_egr_bnc_buf,300,0.51218
D0_4_3,[2]tgr_igr_crd_buf,300,0.01222
D0_4_3,[3]tgr_igr_bnc_buf,300,0.00944
D0_4_3,A0[0]agent_egr_buf,300,0.01718
D0_4_3,A0[2]agent_egr_buf,300,0.43313
D0_4_3,A0[3]agent_igr_bnc_buf,300,0.00608
D0_4_3,A1[2]agent_igr_bnc_buf,300,0.05985
D0_4_4,[0]tgr_egr_crd_buf,300,0.0138
D0_4_4,[3]tgr_egr_bnc_buf,300,0.02136
D0_4_4,[2]tgr_egr_bnc_buf,300,0.9778
D0_4_4,[2]tgr_igr_crd_buf,300,0.08723
D0_4_4,[3]tgr_igr_bnc_buf,300,0.00236
D0_4_4,A0[2]agent_egr_buf,300,0.46952
D0_4_4,A0[3]agent_igr_bnc_buf,300,0.00592
D0_4_4,A1[2]agent_igr_bnc_buf,300,0.05292
D0_4_5,[0]tgr_egr_crd_buf,300,0.01006
D0_4_5,[3]tgr_egr_bnc_buf,300,0.04718
D0_4_5,[2]tgr_egr_bnc_buf,300,0.61117
D0_4_5,[2]tgr_igr_crd_buf,300,0.02355
D0_4_5,[3]tgr_igr_bnc_buf,300,0.00649
D0_4_5,A0[2]agent_egr_buf,300,0.22249
D0_4_5,A0[3]agent_igr_bnc_buf,300,0.006
D0_4_5,A1[2]agent_igr_bnc_buf,300,0.04536
D0_4_6,[0]tgr_egr_crd_buf,300,0.00756
D0_4_6,[3]tgr_egr_bnc_buf,300,0.01508
D0_4_6,[2]tgr_egr_bnc_buf,300,0.22468
D0_4_6,[2]tgr_igr_crd_buf,300,0.00175
D0_4_6,[3]tgr_igr_bnc_buf,300,0.00295
D0_4_6,A0[2]agent_egr_buf,300,0.41006
D0_4_6,A0[3]agent_igr_bnc_buf,300,0.00584
D0_4_7,[0]tgr_egr_crd_buf,300,0.00772
D0_4_7,[0]tgr_igr_crd_buf,300,2e-05
D0_4_7,[3]tgr_egr_bnc_buf,300,0.07435
D0_4_7,[2]tgr_egr_bnc_buf,300,0.0028
D0_4_7,[3]tgr_igr_bnc_buf,300,0.00236
D0_4_7,A0[0]agent_egr_buf,300,0.01593
D0_4_7,A0[2]agent_egr_buf,300,0.1125
D0_4_7,A0[3]agent_igr_bnc_buf,300,0.00616
D0_4_7,A1[2]agent_igr_bnc_buf,300,0.04347
D0_5_0,[0]tgr_egr_crd_buf,300,6e-05
D0_5_0,[3]tgr_egr_bnc_buf,300,0.00641
D0_5_0,[2]tgr_egr_bnc_buf,300,0.80956
D0_5_0,A1[0]agent_igr_crd_buf,300,0.00012
D0_5_0,[2]tgr_igr_crd_buf,300,0.01084
D0_5_0,[3]tgr_igr_bnc_buf,300,0.00354
D0_5_0,A0[2]agent_egr_buf,300,0.11182
D0_5_0,A1[3]agent_egr_buf,300,0.0295
D0_5_0,A1[4]agent_egr_buf,300,0.00732
D0_5_0,A0[3]agent_igr_bnc_buf,300,0.00608
D0_5_0,A1[2]agent_igr_bnc_buf,300,0.05922
D0_5_1,[3]tgr_egr_bnc_buf,300,0.0172
D0_5_1,[2]tgr_egr_bnc_buf,300,0.51797
D0_5_1,[2]tgr_igr_crd_buf,300,0.00121
D0_5_1,[3]tgr_igr_bnc_buf,300,0.00708
D0_5_1,A0[2]agent_egr_buf,300,0.26752
D0_5_1,A0[3]agent_igr_bnc_buf,300,0.006
D0_5_1,A1[2]agent_igr_bnc_buf,300,0.05229
D0_5_2,[0]tgr_egr_crd_buf,300,0.01322
D0_5_2,[3]tgr_egr_bnc_buf,300,0.03174
D0_5_2,[2]tgr_egr_bnc_buf,300,0.93168
D0_5_2,A1[0]agent_igr_crd_buf,300,0.00014
D0_5_2,[2]tgr_igr_crd_buf,300,0.10368
D0_5_2,[3]tgr_igr_bnc_buf,300,0.01121
D0_5_2,A0[2]agent_egr_buf,300,0.3418
D0_5_2,A1[3]agent_egr_buf,300,0.28074
D0_5_2,A1[4]agent_egr_buf,300,0.00854
D0_5_2,A0[3]agent_igr_bnc_buf,300,0.00624
D0_5_2,A1[2]agent_igr_bnc_buf,300,0.01575
D0_5_3,[0]tgr_egr_crd_buf,300,0.09359
D0_5_3,[3]tgr_egr_bnc_buf,300,0.06983
D0_5_3,[2]tgr_egr_bnc_buf,300,0.9628
D0_5_3,[2]tgr_igr_crd_buf,300,0.05725
D0_5_3,[3]tgr_igr_bnc_buf,300,0.01062
D0_5_3,A0[0]agent_egr_buf,300,0.01717
D0_5_3,A0[2]agent_egr_buf,300,0.19059
D0_5_3,A0[3]agent_igr_bnc_buf,300,0.00616
D0_5_3,A1[2]agent_igr_bnc_buf,300,0.06615
D0_5_4,[0]tgr_egr_crd_buf,300,0.00943
D0_5_4,[3]tgr_egr_bnc_buf,300,0.04011
D0_5_4,[2]tgr_egr_bnc_buf,300,0.96222
D0_5_4,[2]tgr_igr_crd_buf,300,0.09393
D0_5_4,[3]tgr_igr_bnc_buf,300,0.00236
D0_5_4,A0[2]agent_egr_buf,300,0.20437
D0_5_4,A0[3]agent_igr_bnc_buf,300,0.00624
D0_5_4,A1[2]agent_igr_bnc_buf,300,0.01008
D0_5_5,[0]tgr_egr_crd_buf,300,0.0176
D0_5_5,[3]tgr_egr_bnc_buf,300,0.05661
D0_5_5,[2]tgr_egr_bnc_buf,300,0.95606
D0_5_5,[2]tgr_igr_crd_buf,300,0.03359
D0_5_5,[3]tgr_igr_bnc_buf,300,0.00708
D0_5_5,A0[2]agent_egr_buf,300,0.16993
D0_5_5,A0[3]agent_igr_bnc_buf,300,0.00616
D0_5_5,A1[2]agent_igr_bnc_buf,300,0.01827
D0_5_6,[0]tgr_egr_crd_buf,300,0.0101
D0_5_6,[3]tgr_egr_bnc_buf,300,0.01322
D0_5_6,[2]tgr_egr_bnc_buf,300,0.95666
D0_5_6,A1[0]agent_igr_crd_buf,300,0.00014
D0_5_6,[2]tgr_igr_crd_buf,300,0.02783
D0_5_6,[3]tgr_igr_bnc_buf,300,0.00413
D0_5_6,A0[2]agent_egr_buf,300,0.21306
D0_5_6,A1[3]agent_egr_buf,300,0.03072
D0_5_6,A1[4]agent_egr_buf,300,0.00854
D0_5_6,A0[3]agent_igr_bnc_buf,300,0.00624
D0_5_6,A1[2]agent_igr_bnc_buf,300,0.02772
D0_5_7,[0]tgr_egr_crd_buf,300,0.01647
D0_5_7,[3]tgr_egr_bnc_buf,300,0.01631
D0_5_7,[2]tgr_egr_bnc_buf,300,0.05513
D0_5_7,[2]tgr_igr_crd_buf,300,1e-05
D0_5_7,[3]tgr_igr_bnc_buf,300,0.00236
D0_5_7,A0[0]agent_egr_buf,300,0.01717
D0_5_7,A0[2]agent_egr_buf,300,0.10929
D0_5_7,A0[3]agent_igr_bnc_buf,300,0.00632
D0_5_7,A1[2]agent_igr_bnc_buf,300,0.05985
D0_6_0,[0]tgr_egr_crd_buf,300,0.00136
D0_6_0,[3]tgr_egr_bnc_buf,300,0.0095
D0_6_0,[2]tgr_egr_bnc_buf,300,0.05878
D0_6_0,[2]tgr_igr_crd_buf,300,1e-05
D0_6_0,[3]tgr_igr_bnc_buf,300,0.00295
D0_6_0,A0[3]agent_igr_bnc_buf,300,0.04725
D0_6_1,[3]tgr_egr_bnc_buf,300,0.06845
D0_6_1,[2]tgr_egr_bnc_buf,300,0.99277
D0_6_1,[2]tgr_igr_crd_buf,300,0.0526
D0_6_1,[3]tgr_igr_bnc_buf,300,0.00708
D0_6_1,A0[2]agent_egr_buf,300,0.21628
D0_6_1,A0[3]agent_igr_bnc_buf,300,0.006
D0_6_1,A1[2]agent_igr_bnc_buf,300,0.063
D0_6_2,[0]tgr_egr_crd_buf,300,0.01448
D0_6_2,[3]tgr_egr_bnc_buf,300,0.06107
D0_6_2,[2]tgr_egr_bnc_buf,300,0.96736
D0_6_2,A1[0]agent_igr_crd_buf,300,0.00014
D0_6_2,[2]tgr_igr_crd_buf,300,0.04598
D0_6_2,[3]tgr_igr_bnc_buf,300,0.01062
D0_6_2,A0[2]agent_egr_buf,300,0.24002
D0_6_2,A1[3]agent_egr_buf,300,0.31012
D0_6_2,A1[4]agent_egr_buf,300,0.00854
D0_6_2,A0[3]agent_igr_bnc_buf,300,0.006
D0_6_2,A1[2]agent_igr_bnc_buf,300,0.05229
D0_6_3,[0]tgr_egr_crd_buf,300,0.1143
D0_6_3,[3]tgr_egr_bnc_buf,300,0.11673
D0_6_3,[2]tgr_egr_bnc_buf,300,0.96438
D0_6_3,A1[0]agent_igr_crd_buf,300,0.00014
D0_6_3,[2]tgr_igr_crd_buf,300,0.02802
D0_6_3,[3]tgr_igr_bnc_buf,300,0.01003
D0_6_3,A0[2]agent_egr_buf,300,0.22442
D0_6_3,A1[3]agent_egr_buf,300,0.01832
D0_6_3,A1[4]agent_egr_buf,300,0.00854
D0_6_3,A0[3]agent_igr_bnc_buf,300,0.00608
D0_6_3,A1[2]agent_igr_bnc_buf,300,0.01575
D0_6_4,[0]tgr_egr_crd_buf,300,0.02011
D0_6_4,[3]tgr_egr_bnc_buf,300,0.03395
D0_6_4,[2]tgr_egr_bnc_buf,300,0.94398
D0_6_4,[2]tgr_igr_crd_buf,300,0.0268
D0_6_4,[3]tgr_igr_bnc_buf,300,0.00236
D0_6_4,A0[2]agent_egr_buf,300,0.24687
D0_6_4,A0[3]agent_igr_bnc_buf,300,0.006
D0_6_4,A1[2]agent_igr_bnc_buf,300,0.04599
D0_6_5,[0]tgr_egr_crd_buf,300,0.01944
D0_6_5,[3]tgr_egr_bnc_buf,300,0.02783
D0_6_5,[2]tgr_egr_bnc_buf,300,0.81138
D0_6_5,A1[0]agent_igr_crd_buf,300,0.00014
D0_6_5,[2]tgr_igr_crd_buf,300,0.01143
D0_6_5,[3]tgr_igr_bnc_buf,300,0.00708
D0_6_5,A0[2]agent_egr_buf,300,0.11492
D0_6_5,A1[3]agent_egr_buf,300,0.0758
D0_6_5,A1[4]agent_egr_buf,300,0.00854
D0_6_5,A0[3]agent_igr_bnc_buf,300,0.00608
D0_6_5,A1[2]agent_igr_bnc_buf,300,0.0504
D0_6_6,[0]tgr_egr_crd_buf,300,0.01511
D0_6_6,[3]tgr_egr_bnc_buf,300,0.01392
D0_6_6,[2]tgr_egr_bnc_buf,300,0.44335
D0_6_6,A1[0]agent_igr_crd_buf,300,0.00012
D0_6_6,[2]tgr_igr_crd_buf,300,0.00638
D0_6_6,[3]tgr_igr_bnc_buf,300,0.00354
D0_6_6,A0[2]agent_egr_buf,300,0.20939
D0_6_6,A1[3]agent_egr_buf,300,0.00427
D0_6_6,A1[4]agent_egr_buf,300,0.00671
D0_6_6,A0[3]agent_igr_bnc_buf,300,0.00608
D0_6_7,[0]tgr_egr_crd_buf,300,0.02044
D0_6_7,[3]tgr_egr_bnc_buf,300,0.01685
D0_6_7,[2]tgr_egr_bnc_buf,300,0.12887
D0_6_7,[2]tgr_igr_crd_buf,300,4e-05
D0_6_7,[3]tgr_igr_bnc_buf,300,0.00236
D0_6_7,A0[3]agent_igr_bnc_buf,300,0.04788
D0_7_0,[0]tgr_egr_crd_buf,300,0.00068
D0_7_0,[3]tgr_egr_bnc_buf,300,9e-05
D0_7_0,[2]tgr_egr_bnc_buf,300,0.72587
D0_7_0,[2]tgr_igr_crd_buf,300,0.00856
D0_7_0,[3]tgr_igr_bnc_buf,300,0.00118
D0_7_0,A0[0]agent_egr_buf,300,0.01841
D0_7_0,A0[2]agent_egr_buf,300,0.04
D0_7_0,A1[3]agent_egr_buf,300,0.00678
D0_7_0,A0[3]agent_igr_bnc_buf,300,0.00296
D0_7_0,A1[2]agent_igr_bnc_buf,300,0.05733
D0_7_1,[3]tgr_egr_bnc_buf,300,0.00454
D0_7_1,[2]tgr_egr_bnc_buf,300,0.8668
D0_7_1,A1[0]agent_igr_crd_buf,300,0.00014
D0_7_1,[2]tgr_igr_crd_buf,300,0.02817
D0_7_1,[3]tgr_igr_bnc_buf,300,0.00354
D0_7_1,A0[2]agent_egr_buf,300,0.07372
D0_7_1,A1[3]agent_egr_buf,300,0.02453
D0_7_1,A1[4]agent_egr_buf,300,0.00854
D0_7_1,A0[3]agent_igr_bnc_buf,300,0.00296
D0_7_1,A1[2]agent_igr_bnc_buf,300,0.04032
D0_7_2,[0]tgr_egr_crd_buf,300,0.02443
D0_7_2,[3]tgr_egr_bnc_buf,300,0.0134
D0_7_2,[2]tgr_egr_bnc_buf,300,0.92242
D0_7_2,A1[0]agent_igr_crd_buf,300,0.00014
D0_7_2,[2]tgr_igr_crd_buf,300,0.09056
D0_7_2,[3]tgr_igr_bnc_buf,300,0.0059
D0_7_2,A0[2]agent_egr_buf,300,0.08062
D0_7_2,A1[3]agent_egr_buf,300,0.06944
D0_7_2,A1[4]agent_egr_buf,300,0.00854
D0_7_2,A0[3]agent_igr_bnc_buf,300,0.00288
D0_7_2,A1[2]agent_igr_bnc_buf,300,0.03213
D0_7_3,[0]tgr_egr_crd_buf,300,0.07465
D0_7_3,[3]tgr_egr_bnc_buf,300,0.01147
D0_7_3,[2]tgr_egr_bnc_buf,300,0.9892
D0_7_3,[2]tgr_igr_crd_buf,300,0.11371
D0_7_3,[3]tgr_igr_bnc_buf,300,0.00472
D0_7_3,A0[3]agent_igr_bnc_buf,300,0.02268
D0_7_4,[0]tgr_egr_crd_buf,300,0.00068
D0_7_4,[3]tgr_egr_bnc_buf,300,0.00068
D0_7_4,[2]tgr_egr_bnc_buf,300,0.96098
D0_7_4,[2]tgr_igr_crd_buf,300,0.08888
D0_7_4,[3]tgr_igr_bnc_buf,300,0.00118
D0_7_4,A0[0]agent_egr_buf,300,0.01841
D0_7_4,A0[2]agent_egr_buf,300,0.06123
D0_7_4,A0[3]agent_igr_bnc_buf,300,0.00296
D0_7_4,A1[2]agent_igr_bnc_buf,300,0.04221
D0_7_5,[0]tgr_egr_crd_buf,300,0.00943
D0_7_5,[3]tgr_egr_bnc_buf,300,0.00393
D0_7_5,[2]tgr_egr_bnc_buf,300,0.98736
D0_7_5,[2]tgr_igr_crd_buf,300,0.08403
D0_7_5,[3]tgr_igr_bnc_buf,300,0.00354
D0_7_5,A0[3]agent_igr_bnc_buf,300,0.02331
D0_7_6,[0]tgr_egr_crd_buf,300,0.00693
D0_7_6,[3]tgr_egr_bnc_buf,300,0.0013
D0_7_6,[2]tgr_egr_bnc_buf,300,0.96021
D0_7_6,[2]tgr_igr_crd_buf,300,0.06611
D0_7_6,[3]tgr_igr_bnc_buf,300,0.00118
D0_7_6,A0[2]agent_egr_buf,300,0.06247
D0_7_6,A0[3]agent_igr_bnc_buf,300,0.00296
D0_7_6,A1[2]agent_igr_bnc_buf,300,0.06867
D0_7_7,[0]tgr_egr_crd_buf,300,0.01022
D0_7_7,[3]tgr_egr_bnc_buf,300,0.00131
D0_7_7,[2]tgr_egr_bnc_buf,300,0.1592
D0_7_7,[3]tgr_igr_bnc_buf,300,0.00118
D0_7_7,A0[2]agent_egr_buf,300,0.03813
D0_7_7,A0[3]agent_igr_bnc_buf,300,0.00296
D0_7_7,A1[2]agent_igr_bnc_buf,300,0.06489
D0_0_0,[3]tgr_egr_bnc_buf,400,6e-05
D0_0_0,[3]tgr_igr_bnc_buf,400,0.00118
D0_0_0,A0[3]agent_igr_bnc_buf,400,0.00567
D0_0_1,[2]tgr_egr_bnc_buf,400,0.98228
D0_0_1,[2]tgr_igr_crd_buf,400,0.00805
D0_0_1,A0[2]agent_egr_buf,400,0.00922
D0_0_1,A0[3]agent_igr_bnc_buf,400,0.00072
D0_0_1,A1[2]agent_igr_bnc_buf,400,0.063
D0_0_2,[3]tgr_egr_bnc_buf,400,6e-05
D0_0_2,[2]tgr_egr_bnc_buf,400,0.66895
D0_0_2,[2]tgr_igr_crd_buf,400,0.00765
D0_0_2,[3]tgr_igr_bnc_buf,400,0.00118
D0_0_2,A0[2]agent_egr_buf,400,0.00736
D0_0_2,A0[3]agent_igr_bnc_buf,400,0.00064
D0_0_3,[2]tgr_egr_bnc_buf,400,0.08656
D0_0_3,A0[2]agent_egr_buf,400,0.00736
D0_0_3,A0[3]agent_igr_bnc_buf,400,0.00064
D0_0_3,A1[2]agent_igr_bnc_buf,400,0.01953
D0_0_4,[2]tgr_egr_bnc_buf,400,0.74335
D0_0_4,[2]tgr_igr_crd_buf,400,0.02241
D0_0_4,A0[2]agent_egr_buf,400,0.00984
D0_0_4,A0[3]agent_igr_bnc_buf,400,0.00072
D0_0_5,[2]tgr_egr_bnc_buf,400,0.22335
D0_0_5,[2]tgr_igr_crd_buf,400,0.002
D0_0_5,A0[3]agent_igr_bnc_buf,400,0.00567
D0_0_6,[3]tgr_egr_bnc_buf,400,0.0038
D0_0_6,[3]tgr_igr_bnc_buf,400,0.00118
D0_0_6,A0[2]agent_egr_buf,400,0.00921
D0_0_6,A0[3]agent_igr_bnc_buf,400,0.00072
D0_0_7,[3]tgr_egr_bnc_buf,400,0.00128
D0_0_7,[3]tgr_igr_bnc_buf,400,0.00059
D0_0_7,A0[3]agent_igr_bnc_buf,400,0.00567
D0_1_0,[3]tgr_egr_bnc_buf,400,0.0101
D0_1_0,[2]tgr_egr_bnc_buf,400,0.02324
D0_1_0,[3]tgr_igr_bnc_buf,400,0.00236
D0_1_0,A0[3]agent_igr_bnc_buf,400,0.01512
D0_1_1,[2]tgr_egr_bnc_buf,400,0.83581
D0_1_1,[2]tgr_igr_crd_buf,400,0.03162
D0_1_1,A0[2]agent_egr_buf,400,0.0246
D0_1_1,A0[3]agent_igr_bnc_buf,400,0.00192
D0_1_1,A1[2]agent_igr_bnc_buf,400,0.05985
D0_1_2,[3]tgr_egr_bnc_buf,400,0.01449
D0_1_2,[2]tgr_egr_bnc_buf,400,0.97296
D0_1_2,[2]tgr_igr_crd_buf,400,0.03957
D0_1_2,[3]tgr_igr_bnc_buf,400,0.00177
D0_1_2,A0[2]agent_egr_buf,400,0.02902
D0_1_2,A0[3]agent_igr_bnc_buf,400,0.00176
D0_1_2,A1[2]agent_igr_bnc_buf,400,0.06867
D0_1_3,[3]tgr_egr_bnc_buf,400,0.01759
D0_1_3,[2]tgr_egr_bnc_buf,400,0.97832
D0_1_3,[2]tgr_igr_crd_buf,400,0.07657
D0_1_3,A0[2]agent_egr_buf,400,0.02775
D0_1_3,A0[3]agent_igr_bnc_buf,400,0.00168
D0_1_3,A1[2]agent_igr_bnc_buf,400,0.04851
D0_1_4,[2]tgr_egr_bnc_buf,400,0.97002
D0_1_4,[2]tgr_igr_crd_buf,400,0.07333
D0_1_4,A0[2]agent_egr_buf,400,0.02712
D0_1_4,A0[3]agent_igr_bnc_buf,400,0.00184
D0_1_4,A1[2]agent_igr_bnc_buf,400,0.00945
D0_1_5,[3]tgr_egr_bnc_buf,400,0.04074
D0_1_5,[2]tgr_egr_bnc_buf,400,0.94842
D0_1_5,[2]tgr_igr_crd_buf,400,0.05828
D0_1_5,[3]tgr_igr_bnc_buf,400,0.00059
D0_1_5,A0[2]agent_egr_buf,400,0.02275
D0_1_5,A1[3]agent_egr_buf,400,0.00733
D0_1_5,A0[3]agent_igr_bnc_buf,400,0.00176
D0_1_5,A1[2]agent_igr_bnc_buf,400,0.06489
D0_1_6,[3]tgr_egr_bnc_buf,400,0.02698
D0_1_6,[2]tgr_egr_bnc_buf,400,0.54975
D0_1_6,[2]tgr_igr_crd_buf,400,0.00962
D0_1_6,[3]tgr_igr_bnc_buf,400,0.00236
D0_1_6,A0[2]agent_egr_buf,400,0.03022
D0_1_6,A0[3]agent_igr_bnc_buf,400,0.00184
D0_1_7,[3]tgr_egr_bnc_buf,400,0.0244
D0_1_7,[2]tgr_egr_bnc_buf,400,0.01561
D0_1_7,[3]tgr_igr_bnc_buf,400,0.00059
D0_1_7,A0[3]agent_igr_bnc_buf,400,0.01386
D0_2_0,[3]tgr_egr_bnc_buf,400,0.00759
D0_2_0,[3]tgr_igr_bnc_buf,400,0.00177
D0_2_0,A0[2]agent_egr_buf,400,0.02838
D0_2_0,A0[3]agent_igr_bnc_buf,400,0.00176
D0_2_0,A1[2]agent_igr_bnc_buf,400,0.05355
D0_2_1,[2]tgr_egr_bnc_buf,400,0.9898
D0_2_1,[2]tgr_igr_crd_buf,400,0.08287
D0_2_1,A0[2]agent_egr_buf,400,0.04461
D0_2_1,A0[3]agent_igr_bnc_buf,400,0.00176
D0_2_1,A1[2]agent_igr_bnc_buf,400,0.03969
D0_2_2,[3]tgr_egr_bnc_buf,400,0.00758
D0_2_2,[2]tgr_egr_bnc_buf,400,0.97718
D0_2_2,[2]tgr_igr_crd_buf,400,0.07986
D0_2_2,[3]tgr_igr_bnc_buf,400,0.00118
D0_2_2,A0[2]agent_egr_buf,400,0.06153
D0_2_2,A0[3]agent_igr_bnc_buf,400,0.00168
D0_2_3,[2]tgr_egr_bnc_buf,400,0.94072
D0_2_3,[2]tgr_igr_crd_buf,400,0.07337
D0_2_3,A0[2]agent_egr_buf,400,0.0328
D0_2_3,A0[3]agent_igr_bnc_buf,400,0.00144
D0_2_3,A1[2]agent_igr_bnc_buf,400,0.0441
D0_2_4,[2]tgr_egr_bnc_buf,400,0.96342
D0_2_4,[2]tgr_igr_crd_buf,400,0.06294
D0_2_4,A0[2]agent_egr_buf,400,0.03341
D0_2_4,A0[3]agent_igr_bnc_buf,400,0.00152
D0_2_4,A1[2]agent_igr_bnc_buf,400,0.00063
D0_2_5,[3]tgr_egr_bnc_buf,400,0.04762
D0_2_5,[2]tgr_egr_bnc_buf,400,0.91235
D0_2_5,[2]tgr_igr_crd_buf,400,0.03171
D0_2_5,[3]tgr_igr_bnc_buf,400,0.00059
D0_2_5,A0[2]agent_egr_buf,400,0.02222
D0_2_5,A0[3]agent_igr_bnc_buf,400,0.00136
D0_2_5,A1[2]agent_igr_bnc_buf,400,0.03717
D0_2_6,[3]tgr_egr_bnc_buf,400,0.00386
D0_2_6,[2]tgr_egr_bnc_buf,400,0.58195
D0_2_6,[2]tgr_igr_crd_buf,400,0.0191
D0_2_6,[3]tgr_igr_bnc_buf,400,0.00236
D0_2_6,A0[2]agent_egr_buf,400,0.06155
D0_2_6,A0[3]agent_igr_bnc_buf,400,0.00152
D0_2_7,[3]tgr_egr_bnc_buf,400,0.02134
D0_2_7,A0[2]agent_egr_buf,400,0.01596
D0_2_7,A0[3]agent_igr_bnc_buf,400,0.00144
D0_2_7,A1[2]agent_igr_bnc_buf,400,0.03276
D0_3_0,[3]tgr_egr_bnc_buf,400,0.0113
D0_3_0,[2]tgr_egr_bnc_buf,400,0.21208
D0_3_0,[2]tgr_igr_crd_buf,400,0.00035
D0_3_0,[3]tgr_igr_bnc_buf,400,0.00118
D0_3_0,A0[2]agent_egr_buf,400,0.02965
D0_3_0,A0[3]agent_igr_bnc_buf,400,0.0016
D0_3_1,[2]tgr_egr_bnc_buf,400,0.94782
D0_3_1,[2]tgr_igr_crd_buf,400,0.07091
D0_3_1,A0[2]agent_egr_buf,400,0.06151
D0_3_1,A0[3]agent_igr_bnc_buf,400,0.0016
D0_3_2,[3]tgr_egr_bnc_buf,400,0.00065
D0_3_2,[2]tgr_egr_bnc_buf,400,0.9748
D0_3_2,[2]tgr_igr_crd_buf,400,0.09353
D0_3_2,[3]tgr_igr_bnc_buf,400,0.00059
D0_3_2,A0[2]agent_egr_buf,400,0.03404
D0_3_2,A0[3]agent_igr_bnc_buf,400,0.00152
D0_3_2,A1[2]agent_igr_bnc_buf,400,0.0189
D0_3_3,[2]tgr_egr_bnc_buf,400,0.95836
D0_3_3,[2]tgr_igr_crd_buf,400,0.05448
D0_3_3,A0[2]agent_egr_buf,400,0.04721
D0_3_3,A0[3]agent_igr_bnc_buf,400,0.00136
D0_3_3,A1[2]agent_igr_bnc_buf,400,0.05544
D0_3_4,[2]tgr_egr_bnc_buf,400,0.98254
D0_3_4,[2]tgr_igr_crd_buf,400,0.08431
D0_3_4,A0[2]agent_egr_buf,400,0.03282
D0_3_4,A0[3]agent_igr_bnc_buf,400,0.00128
D0_3_4,A1[2]agent_igr_bnc_buf,400,0.04914
D0_3_5,[3]tgr_egr_bnc_buf,400,0.02951
D0_3_5,[2]tgr_egr_bnc_buf,400,0.45401
D0_3_5,[2]tgr_igr_crd_buf,400,0.01189
D0_3_5,A0[2]agent_egr_buf,400,0.02657
D0_3_5,A0[3]agent_igr_bnc_buf,400,0.00136
D0_3_5,A1[2]agent_igr_bnc_buf,400,0.04536
D0_3_6,[3]tgr_egr_bnc_buf,400,0.00136
D0_3_6,[2]tgr_egr_bnc_buf,400,0.57615
D0_3_6,[2]tgr_igr_crd_buf,400,0.00316
D0_3_6,[3]tgr_igr_bnc_buf,400,0.00236
D0_3_6,A0[2]agent_egr_buf,400,0.02597
D0_3_6,A0[3]agent_igr_bnc_buf,400,0.00136
D0_3_7,[3]tgr_egr_bnc_buf,400,0.02076
D0_3_7,[2]tgr_egr_bnc_buf,400,0.04983
D0_3_7,A0[2]agent_egr_buf,400,0.01912
D0_3_7,A1[3]agent_egr_buf,400,0.00063
D0_3_7,A0[3]agent_igr_bnc_buf,400,0.0012
D0_3_7,A1[2]agent_igr_bnc_buf,400,0.05103
D0_4_0,[3]tgr_egr_bnc_buf,400,0.02255
D0_4_0,[2]tgr_egr_bnc_buf,400,0.1738
D0_4_0,A1[0]agent_igr_crd_buf,400,3e-05
D0_4_0,[2]tgr_igr_crd_buf,400,4e-05
D0_4_0,[3]tgr_igr_bnc_buf,400,0.00118
D0_4_0,A0[2]agent_egr_buf,400,0.0259
D0_4_0,A1[3]agent_egr_buf,400,0.01347
D0_4_0,A1[4]agent_egr_buf,400,0.00183
D0_4_0,A0[3]agent_igr_bnc_buf,400,0.00152
D0_4_0,A1[2]agent_igr_bnc_buf,400,0.05985
D0_4_1,[2]tgr_egr_bnc_buf,400,0.84788
D0_4_1,[2]tgr_igr_crd_buf,400,0.02471
D0_4_1,A0[2]agent_egr_buf,400,0.21078
D0_4_1,A0[3]agent_igr_bnc_buf,400,0.00152
D0_4_2,[2]tgr_egr_bnc_buf,400,0.9412
D0_4_2,[2]tgr_igr_crd_buf,400,0.08037
D0_4_2,A0[2]agent_egr_buf,400,0.23018
D0_4_2,A1[3]agent_egr_buf,400,0.02181
D0_4_2,A0[3]agent_igr_bnc_buf,400,0.00136
D0_4_2,A1[2]agent_igr_bnc_buf,400,0.05859
D0_4_3,[3]tgr_egr_bnc_buf,400,0.00192
D0_4_3,[2]tgr_egr_bnc_buf,400,0.99874
D0_4_3,[2]tgr_igr_crd_buf,400,0.03611
D0_4_3,A0[2]agent_egr_buf,400,0.14959
D0_4_3,A0[3]agent_igr_bnc_buf,400,0.0012
D0_4_3,A1[2]agent_igr_bnc_buf,400,0.00378
D0_4_4,[2]tgr_egr_bnc_buf,400,0.97418
D0_4_4,[2]tgr_igr_crd_buf,400,0.11024
D0_4_4,A0[2]agent_egr_buf,400,0.22143
D0_4_4,A0[3]agent_igr_bnc_buf,400,0.00136
D0_4_4,A1[2]agent_igr_bnc_buf,400,0.03528
D0_4_5,[3]tgr_egr_bnc_buf,400,0.0389
D0_4_5,[2]tgr_egr_bnc_buf,400,0.9886
D0_4_5,[2]tgr_igr_crd_buf,400,0.02894
D0_4_5,[3]tgr_igr_bnc_buf,400,0.00118
D0_4_5,A0[2]agent_egr_buf,400,0.02471
D0_4_5,A0[3]agent_igr_bnc_buf,400,0.00128
D0_4_5,A1[2]agent_igr_bnc_buf,400,0.03087
D0_4_6,[3]tgr_egr_bnc_buf,400,0.02263
D0_4_6,[2]tgr_egr_bnc_buf,400,0.73511
D0_4_6,[2]tgr_igr_crd_buf,400,0.01579
D0_4_6,[3]tgr_igr_bnc_buf,400,0.00177
D0_4_6,A0[2]agent_egr_buf,400,0.19332
D0_4_6,A0[3]agent_igr_bnc_buf,400,0.00136
D0_4_7,[3]tgr_egr_bnc_buf,400,0.03576
D0_4_7,[2]tgr_egr_bnc_buf,400,0.05387
D0_4_7,[2]tgr_igr_crd_buf,400,7e-05
D0_4_7,A0[2]agent_egr_buf,400,0.01723
D0_4_7,A0[3]agent_igr_bnc_buf,400,0.0012
D0_4_7,A1[2]agent_igr_bnc_buf,400,0.03276
D0_5_0,[3]tgr_egr_bnc_buf,400,6e-05
D0_5_0,[2]tgr_egr_bnc_buf,400,0.28993
D0_5_0,[2]tgr_igr_crd_buf,400,0.00379
D0_5_0,[3]tgr_igr_bnc_buf,400,0.00118
D0_5_0,A0[2]agent_egr_buf,400,0.01971
D0_5_0,A0[3]agent_igr_bnc_buf,400,0.00136
D0_5_0,A1[2]agent_igr_bnc_buf,400,0.04788
D0_5_1,[2]tgr_egr_bnc_buf,400,0.44606
D0_5_1,[2]tgr_igr_crd_buf,400,0.0022
D0_5_1,A0[2]agent_egr_buf,400,0.03719
D0_5_1,A0[3]agent_igr_bnc_buf,400,0.00136
D0_5_2,[3]tgr_egr_bnc_buf,400,3e-05
D0_5_2,[2]tgr_egr_bnc_buf,400,0.88683
D0_5_2,[2]tgr_igr_crd_buf,400,0.05033
D0_5_2,[3]tgr_igr_bnc_buf,400,0.00059
D0_5_2,A0[2]agent_egr_buf,400,0.04662
D0_5_2,A0[3]agent_igr_bnc_buf,400,0.0012
D0_5_2,A1[2]agent_igr_bnc_buf,400,0.07434
D0_5_3,[2]tgr_egr_bnc_buf,400,0.9994
D0_5_3,[2]tgr_igr_crd_buf,400,0.06772
D0_5_3,A0[2]agent_egr_buf,400,0.02722
D0_5_3,A0[3]agent_igr_bnc_buf,400,0.0012
D0_5_3,A1[2]agent_igr_bnc_buf,400,0.00756
D0_5_4,[2]tgr_egr_bnc_buf,400,0.9622
D0_5_4,[2]tgr_igr_crd_buf,400,0.07754
D0_5_4,A0[2]agent_egr_buf,400,0.03412
D0_5_4,A0[3]agent_igr_bnc_buf,400,0.00112
D0_5_5,[3]tgr_egr_bnc_buf,400,0.00445
D0_5_5,[2]tgr_egr_bnc_buf,400,0.6373
D0_5_5,[2]tgr_igr_crd_buf,400,0.01595
D0_5_5,[3]tgr_igr_bnc_buf,400,0.00177
D0_5_5,A0[2]agent_egr_buf,400,0.02224
D0_5_5,A0[3]agent_igr_bnc_buf,400,0.00112
D0_5_6,[3]tgr_egr_bnc_buf,400,0.01449
D0_5_6,[2]tgr_egr_bnc_buf,400,0.50655
D0_5_6,[2]tgr_igr_crd_buf,400,0.01185
D0_5_6,[3]tgr_igr_bnc_buf,400,0.00059
D0_5_6,A0[2]agent_egr_buf,400,0.0335
D0_5_6,A0[3]agent_igr_bnc_buf,400,0.00112
D0_5_6,A1[2]agent_igr_bnc_buf,400,0.06678
D0_5_7,[3]tgr_egr_bnc_buf,400,0.00879
D0_5_7,[2]tgr_egr_bnc_buf,400,0.00074
D0_5_7,A0[2]agent_egr_buf,400,0.01478
D0_5_7,A0[3]agent_igr_bnc_buf,400,0.00104
D0_5_7,A1[2]agent_igr_bnc_buf,400,0.03213
D0_6_0,[3]tgr_egr_bnc_buf,400,0.0082
D0_6_0,[2]tgr_egr_bnc_buf,400,0.02319
D0_6_0,[2]tgr_igr_crd_buf,400,1e-05
D0_6_0,[3]tgr_igr_bnc_buf,400,0.00177
D0_6_0,A0[3]agent_igr_bnc_buf,400,0.01197
D0_6_1,[2]tgr_egr_bnc_buf,400,0.9321
D0_6_1,[2]tgr_igr_crd_buf,400,0.07844
D0_6_1,A0[2]agent_egr_buf,400,0.03902
D0_6_1,A0[3]agent_igr_bnc_buf,400,0.00152
D0_6_1,A1[2]agent_igr_bnc_buf,400,0.01134
D0_6_2,[3]tgr_egr_bnc_buf,400,0.00884
D0_6_2,[2]tgr_egr_bnc_buf,400,0.97582
D0_6_2,[2]tgr_igr_crd_buf,400,0.07912
D0_6_2,[3]tgr_igr_bnc_buf,400,0.00118
D0_6_2,A0[2]agent_egr_buf,400,0.0378
D0_6_2,A0[3]agent_igr_bnc_buf,400,0.00152
D0_6_2,A1[2]agent_igr_bnc_buf,400,0.06363
D0_6_3,[2]tgr_egr_bnc_buf,400,0.95942
D0_6_3,[2]tgr_igr_crd_buf,400,0.06349
D0_6_3,A0[2]agent_egr_buf,400,0.02345
D0_6_3,A0[3]agent_igr_bnc_buf,400,0.00144
D0_6_3,A1[2]agent_igr_bnc_buf,400,0.07497
D0_6_4,[2]tgr_egr_bnc_buf,400,0.93995
D0_6_4,[2]tgr_igr_crd_buf,400,0.03522
D0_6_4,A0[2]agent_egr_buf,400,0.0272
D0_6_4,A0[3]agent_igr_bnc_buf,400,0.00136
D0_6_4,A1[2]agent_igr_bnc_buf,400,0.01071
D0_6_5,[0]tgr_egr_crd_buf,400,0.00129
D0_6_5,[3]tgr_egr_bnc_buf,400,0.02698
D0_6_5,[2]tgr_egr_bnc_buf,400,0.77253
D0_6_5,[2]tgr_igr_crd_buf,400,0.02281
D0_6_5,[3]tgr_igr_bnc_buf,400,0.00236
D0_6_5,A0[2]agent_egr_buf,400,0.02035
D0_6_5,A0[3]agent_igr_bnc_buf,400,0.00136
D0_6_5,A1[2]agent_igr_bnc_buf,400,0.06174
D0_6_6,[3]tgr_egr_bnc_buf,400,0.0063
D0_6_6,[2]tgr_egr_bnc_buf,400,0.62095
D0_6_6,A1[0]agent_igr_crd_buf,400,2e-05
D0_6_6,[2]tgr_igr_crd_buf,400,0.01844
D0_6_6,[3]tgr_igr_bnc_buf,400,0.00118
D0_6_6,A0[2]agent_egr_buf,400,0.02533
D0_6_6,A1[3]agent_egr_buf,400,0.01405
D0_6_6,A1[4]agent_egr_buf,400,0.00183
D0_6_6,A0[3]agent_igr_bnc_buf,400,0.00136
D0_6_6,A1[2]agent_igr_bnc_buf,400,0.06678
D0_6_7,[3]tgr_egr_bnc_buf,400,0.01013
D0_6_7,[2]tgr_egr_bnc_buf,400,0.01249
D0_6_7,[2]tgr_igr_crd_buf,400,1e-05
D0_6_7,A0[3]agent_igr_bnc_buf,400,0.01071
D0_7_0,[3]tgr_egr_bnc_buf,400,3e-05
D0_7_0,[3]tgr_igr_bnc_buf,400,0.00059
D0_7_0,A0[2]agent_egr_buf,400,0.00799
D0_7_0,A0[3]agent_igr_bnc_buf,400,0.00064
D0_7_0,A1[2]agent_igr_bnc_buf,400,0.05292
D0_7_1,[2]tgr_egr_bnc_buf,400,0.07295
D0_7_1,[2]tgr_igr_crd_buf,400,8e-05
D0_7_1,A0[2]agent_egr_buf,400,0.00799
D0_7_1,A0[3]agent_igr_bnc_buf,400,0.00064
D0_7_1,A1[2]agent_igr_bnc_buf,400,0.04599
D0_7_2,[2]tgr_egr_bnc_buf,400,0.90935
D0_7_2,[2]tgr_igr_crd_buf,400,0.03768
D0_7_2,A0[2]agent_egr_buf,400,0.00612
D0_7_2,A0[3]agent_igr_bnc_buf,400,0.00064
D0_7_2,A1[2]agent_igr_bnc_buf,400,0.04347
D0_7_3,[2]tgr_egr_bnc_buf,400,0.95006
D0_7_3,[2]tgr_igr_crd_buf,400,0.07997
D0_7_3,A0[3]agent_igr_bnc_buf,400,0.00504
D0_7_4,[2]tgr_egr_bnc_buf,400,0.97472
D0_7_4,[2]tgr_igr_crd_buf,400,0.05476
D0_7_4,A0[2]agent_egr_buf,400,0.00612
D0_7_4,A0[3]agent_igr_bnc_buf,400,0.00056
D0_7_4,A1[2]agent_igr_bnc_buf,400,0.00567
D0_7_5,[3]tgr_egr_bnc_buf,400,6e-05
D0_7_5,[2]tgr_egr_bnc_buf,400,0.94702
D0_7_5,[2]tgr_igr_crd_buf,400,0.07486
D0_7_5,[3]tgr_igr_bnc_buf,400,0.00118
D0_7_5,A0[3]agent_igr_bnc_buf,400,0.00441
D0_7_6,[3]tgr_egr_bnc_buf,400,0.0013
D0_7_6,[2]tgr_egr_bnc_buf,400,0.55263
D0_7_6,[2]tgr_igr_crd_buf,400,0.01724
D0_7_6,[3]tgr_igr_bnc_buf,400,0.00118
D0_7_6,A0[2]agent_egr_buf,400,0.00676
D0_7_6,A0[3]agent_igr_bnc_buf,400,0.00056
D0_7_6,A1[2]agent_igr_bnc_buf,400,0.0378
D0_7_7,A0[2]agent_egr_buf,400,0.00675
D0_7_7,A0[3]agent_igr_bnc_buf,400,0.00056
D0_7_7,A1[2]agent_igr_bnc_buf,400,0.03465
D0_0_1,[2]tgr_egr_bnc_buf,500,0.00768
D0_0_1,A1[2]agent_igr_bnc_buf,500,0.00315
D0_1_1,A1[2]agent_igr_bnc_buf,500,0.02205
D0_1_2,[2]tgr_egr_bnc_buf,500,0.79873
D0_1_2,[2]tgr_igr_crd_buf,500,0.01985
D0_1_2,A1[2]agent_igr_bnc_buf,500,0.04473
D0_1_3,[2]tgr_egr_bnc_buf,500,0.88087
D0_1_3,[2]tgr_igr_crd_buf,500,0.02859
D0_1_4,[2]tgr_egr_bnc_buf,500,0.70417
D0_1_4,[2]tgr_igr_crd_buf,500,0.01175
D0_1_5,[2]tgr_egr_bnc_buf,500,0.10113
D0_1_5,[2]tgr_igr_crd_buf,500,0.00024
D0_1_5,A1[2]agent_igr_bnc_buf,500,0.05796
D0_2_0,A1[2]agent_igr_bnc_buf,500,0.03276
D0_2_1,[2]tgr_egr_bnc_buf,500,0.90041
D0_2_1,[2]tgr_igr_crd_buf,500,0.04167
D0_2_1,A1[2]agent_igr_bnc_buf,500,0.00063
D0_2_2,[2]tgr_egr_bnc_buf,500,0.96506
D0_2_2,[2]tgr_igr_crd_buf,500,0.03031
D0_2_3,[2]tgr_egr_bnc_buf,500,0.46395
D0_2_3,[2]tgr_igr_crd_buf,500,0.01101
D0_2_3,A1[2]agent_igr_bnc_buf,500,0.05355
D0_2_4,[2]tgr_egr_bnc_buf,500,0.15273
D0_2_4,[2]tgr_igr_crd_buf,500,0.00117
D0_2_5,A1[2]agent_igr_bnc_buf,500,0.0504
D0_3_1,[2]tgr_egr_bnc_buf,500,0.27533
D0_3_1,[2]tgr_igr_crd_buf,500,0.00321
D0_3_2,[2]tgr_egr_bnc_buf,500,0.958
D0_3_2,[2]tgr_igr_crd_buf,500,0.0567
D0_3_3,[2]tgr_egr_bnc_buf,500,0.39533
D0_3_3,[2]tgr_igr_crd_buf,500,0.00209
D0_3_3,A1[2]agent_igr_bnc_buf,500,0.04977
D0_3_4,[2]tgr_egr_bnc_buf,500,0.83955
D0_3_4,[2]tgr_igr_crd_buf,500,0.03144
D0_3_4,A1[2]agent_igr_bnc_buf,500,0.02583
D0_3_5,A1[2]agent_igr_bnc_buf,500,0.00882
D0_3_7,A1[2]agent_igr_bnc_buf,500,0.05229
D0_4_0,A1[2]agent_igr_bnc_buf,500,0.04914
D0_4_1,[2]tgr_egr_bnc_buf,500,0.00067
D0_4_2,[2]tgr_egr_bnc_buf,500,0.80695
D0_4_2,[2]tgr_igr_crd_buf,500,0.01313
D0_4_2,A1[2]agent_igr_bnc_buf,500,0.04536
D0_4_3,[2]tgr_egr_bnc_buf,500,0.98922
D0_4_3,[2]tgr_igr_crd_buf,500,0.03677
D0_4_4,[2]tgr_egr_bnc_buf,500,0.76513
D0_4_4,[2]tgr_igr_crd_buf,500,0.03117
D0_4_4,A1[2]agent_igr_bnc_buf,500,0.01701
D0_4_5,[2]tgr_egr_bnc_buf,500,0.20013
D0_4_5,[2]tgr_igr_crd_buf,500,0.00153
D0_4_5,A1[2]agent_igr_bnc_buf,500,0.0063
D0_4_7,A1[2]agent_igr_bnc_buf,500,0.00315
D0_5_0,A1[2]agent_igr_bnc_buf,500,0.01764
D0_5_2,A1[2]agent_igr_bnc_buf,500,0.03465
D0_5_3,[2]tgr_egr_bnc_buf,500,0.70895
D0_5_3,[2]tgr_igr_crd_buf,500,0.03599
D0_5_4,[2]tgr_egr_bnc_buf,500,0.21133
D0_5_4,[2]tgr_igr_crd_buf,500,0.004
D0_5_6,A1[2]agent_igr_bnc_buf,500,0.03024
D0_6_1,[2]tgr_egr_bnc_buf,500,0.24853
D0_6_1,[2]tgr_igr_crd_buf,500,0.00296
D0_6_2,[2]tgr_egr_bnc_buf,500,0.66658
D0_6_2,[2]tgr_igr_crd_buf,500,0.02569
D0_6_2,A1[2]agent_igr_bnc_buf,500,0.00882
D0_6_3,[2]tgr_egr_bnc_buf,500,0.79009
D0_6_3,[2]tgr_igr_crd_buf,500,0.00861
D0_6_3,A1[2]agent_igr_bnc_buf,500,0.03402
D0_6_4,[2]tgr_egr_bnc_buf,500,0.42276
D0_6_5,[2]tgr_egr_bnc_buf,500,0.17509
D0_6_5,A1[2]agent_igr_bnc_buf,500,0.0126
D0_6_6,A1[2]agent_igr_bnc_buf,500,0.05796
D0_7_0,A1[2]agent_igr_bnc_buf,500,0.00945
D0_7_1,A1[2]agent_igr_bnc_buf,500,0.03591
D0_7_2,A1[2]agent_igr_bnc_buf,500,0.03402
D0_7_3,[2]tgr_egr_bnc_buf,500,0.97778
D0_7_3,[2]tgr_igr_crd_buf,500,0.04042
D0_7_4,[2]tgr_egr_bnc_buf,500,0.71715
D0_7_4,[2]tgr_igr_crd_buf,500,0.0226
D0_7_5,[2]tgr_egr_bnc_buf,500,0.23655
D0_7_5,[2]tgr_igr_crd_buf,500,0.00235
D0_7_6,A1[2]agent_igr_bnc_buf,500,0.00126
D0_1_4,[2]tgr_egr_bnc_buf,600,0.00134
D0_1_5,A1[2]agent_igr_bnc_buf,600,0.00189
D0_2_2,[2]tgr_egr_bnc_buf,600,0.22335
D0_2_2,[2]tgr_igr_crd_buf,600,0.002
D0_2_3,A1[2]agent_igr_bnc_buf,600,0.00441
D0_2_5,A1[2]agent_igr_bnc_buf,600,0.01449
D0_3_2,[2]tgr_egr_bnc_buf,600,0.14815
D0_3_2,[2]tgr_igr_crd_buf,600,0.00072
D0_3_3,A1[2]agent_igr_bnc_buf,600,0.00315
D0_3_7,A1[2]agent_igr_bnc_buf,600,0.01071
D0_4_0,A1[2]agent_igr_bnc_buf,600,0.01386
D0_4_2,A1[2]agent_igr_bnc_buf,600,0.00756
D0_4_3,[2]tgr_egr_bnc_buf,600,0.26593
D0_4_3,[2]tgr_igr_crd_buf,600,0.00297
D0_7_1,A1[2]agent_igr_bnc_buf,600,0.00252
D0_7_2,A1[2]agent_igr_bnc_buf,600,0.01512
D0_7_3,[2]tgr_egr_bnc_buf,600,0.19955
D0_7_3,[2]tgr_igr_crd_buf,600,0.00154
